track_id,images,human_prompt,question,answer,age_reasoning,gender_reasoning,attention_reasoning,judgment_reasoning,position_reasoning,appearance_reasoning,physical_reasoning,spatial_reasoning,temporal_reasoning,mathematical_reasoning,conclusion
V3_0,/content/drive/MyDrive/GIU.Master/EgyptPedestriansDataset_v2/age/adult/V3_t0_f80.jpg;/content/drive/MyDrive/GIU.Master/EgyptPedestriansDataset_v2/age/adult/V3_t0_f102.jpg;/content/drive/MyDrive/GIU.Master/EgyptPedestriansDataset_v2/age/adult/V3_t0_f124.jpg,"Will the pedestrian shown in the image cross the road? Justify using age, gender, attention, judgment, position, appearance, physical, spatial, temporal, and mathematical reasoning, then give a concise conclusion.",Did the pedestrian cross the street?,Yes,The pedestrian is categorized as an adult based on the metadata.,The pedestrian is identified as male according to the metadata.,"The pedestrian appears attentive and focused on their surroundings, according to the metadata.","The pedestrian is not giving any hand signal, according to the metadata.","The pedestrian is positioned near the road and is not on the sidewalk, according to the metadata.","The pedestrian has a minimalist fashion personality, according to the metadata.","The pedestrian's build is noted as an average build, according to the metadata.","Spatially, the pedestrian is situated near the road and is not on the sidewalk, consistent with the track's labeled position in the metadata.",Frame-by-frame pixel displacement is not available in this metadata source; behavior is inferred from the pedestrian's labeled attributes across the observed track rather than measured motion.,No numeric displacement or velocity metrics are available for this track; this conclusion relies on categorical behavioral and positional attributes rather than computed motion.,The pedestrian crossed the street.
V3_6,/content/drive/MyDrive/GIU.Master/EgyptPedestriansDataset_v2/age/adult/V3_t6_f1107.jpg;/content/drive/MyDrive/GIU.Master/EgyptPedestriansDataset_v2/age/adult/V3_t6_f1154.jpg;/content/drive/MyDrive/GIU.Master/EgyptPedestriansDataset_v2/age/adult/V3_t6_f1200.jpg,"Will the pedestrian shown in the image cross the road? Justify using age, gender, attention, judgment, position, appearance, physical, spatial, temporal, and mathematical reasoning, then give a concise conclusion.",Did the pedestrian cross the street?,Yes,The pedestrian is categorized as an adult based on the metadata.,The pedestrian is identified as male according to the metadata.,"The pedestrian appears attentive and focused on their surroundings, according to the metadata.","The pedestrian is not giving any hand signal, according to the metadata.","The pedestrian is positioned in the middle of the road and is not on the sidewalk, according to the metadata.","The pedestrian has a extravagant fashion personality, according to the metadata.","The pedestrian's build is noted as an average build, according to the metadata.","Spatially, the pedestrian is situated in the middle of the road and is not on the sidewalk, consistent with the track's labeled position in the metadata.",Frame-by-frame pixel displacement is not available in this metadata source; behavior is inferred from the pedestrian's labeled attributes across the observed track rather than measured motion.,No numeric displacement or velocity metrics are available for this track; this conclusion relies on categorical behavioral and positional attributes rather than computed motion.,The pedestrian crossed the street.
V3_12,/content/drive/MyDrive/GIU.Master/EgyptPedestriansDataset_v2/age/senior/V3_t12_f3049.jpg;/content/drive/MyDrive/GIU.Master/EgyptPedestriansDataset_v2/age/senior/V3_t12_f3059.jpg;/content/drive/MyDrive/GIU.Master/EgyptPedestriansDataset_v2/age/senior/V3_t12_f3069.jpg,"Will the pedestrian shown in the image cross the road? Justify using age, gender, attention, judgment, position, appearance, physical, spatial, temporal, and mathematical reasoning, then give a concise conclusion.",Did the pedestrian cross the street?,No,The pedestrian is categorized as a senior based on the metadata.,The pedestrian is identified as female according to the metadata.,"The pedestrian appears attentive and focused on their surroundings, according to the metadata.","The pedestrian is not giving any hand signal, according to the metadata.","The pedestrian is positioned near the road and is on the sidewalk, according to the metadata.","The pedestrian has a minimalist fashion personality, according to the metadata.","The pedestrian's build is noted as an average build, according to the metadata.","Spatially, the pedestrian is situated near the road and is on the sidewalk, consistent with the track's labeled position in the metadata.",Frame-by-frame pixel displacement is not available in this metadata source; behavior is inferred from the pedestrian's labeled attributes across the observed track rather than measured motion.,No numeric displacement or velocity metrics are available for this track; this conclusion relies on categorical behavioral and positional attributes rather than computed motion.,The pedestrian did not cross the street.
V3_13,/content/drive/MyDrive/GIU.Master/EgyptPedestriansDataset_v2/age/adult/V3_t13_f3240.jpg;/content/drive/MyDrive/GIU.Master/EgyptPedestriansDataset_v2/age/adult/V3_t13_f3319.jpg;/content/drive/MyDrive/GIU.Master/EgyptPedestriansDataset_v2/age/adult/V3_t13_f3398.jpg,"Will the pedestrian shown in the image cross the road? Justify using age, gender, attention, judgment, position, appearance, physical, spatial, temporal, and mathematical reasoning, then give a concise conclusion.",Did the pedestrian cross the street?,Yes,The pedestrian is categorized as an adult based on the metadata.,The pedestrian is identified as female according to the metadata.,"The pedestrian appears distracted and may be less attentive to oncoming traffic, according to the metadata.","The pedestrian is not giving any hand signal, according to the metadata.","The pedestrian is positioned near the road and is not on the sidewalk, according to the metadata.","The pedestrian has a extravagant fashion personality, according to the metadata.","The pedestrian's build is noted as an average build, according to the metadata.","Spatially, the pedestrian is situated near the road and is not on the sidewalk, consistent with the track's labeled position in the metadata.",Frame-by-frame pixel displacement is not available in this metadata source; behavior is inferred from the pedestrian's labeled attributes across the observed track rather than measured motion.,No numeric displacement or velocity metrics are available for this track; this conclusion relies on categorical behavioral and positional attributes rather than computed motion.,The pedestrian crossed the street.
V3_14,/content/drive/MyDrive/GIU.Master/EgyptPedestriansDataset_v2/age/senior/V3_t14_f3427.jpg;/content/drive/MyDrive/GIU.Master/EgyptPedestriansDataset_v2/age/senior/V3_t14_f3510.jpg;/content/drive/MyDrive/GIU.Master/EgyptPedestriansDataset_v2/age/senior/V3_t14_f3592.jpg,"Will the pedestrian shown in the image cross the road? Justify using age, gender, attention, judgment, position, appearance, physical, spatial, temporal, and mathematical reasoning, then give a concise conclusion.",Did the pedestrian cross the street?,No,The pedestrian is categorized as a senior based on the metadata.,The pedestrian is identified as male according to the metadata.,"The pedestrian appears attentive and focused on their surroundings, according to the metadata.","The pedestrian is not giving any hand signal, according to the metadata.","The pedestrian is positioned near the road and is not on the sidewalk, according to the metadata.","The pedestrian has a minimalist fashion personality, according to the metadata.","The pedestrian's build is noted as an average build, according to the metadata.","Spatially, the pedestrian is situated near the road and is not on the sidewalk, consistent with the track's labeled position in the metadata.",Frame-by-frame pixel displacement is not available in this metadata source; behavior is inferred from the pedestrian's labeled attributes across the observed track rather than measured motion.,No numeric displacement or velocity metrics are available for this track; this conclusion relies on categorical behavioral and positional attributes rather than computed motion.,The pedestrian did not cross the street.
V3_16,/content/drive/MyDrive/GIU.Master/EgyptPedestriansDataset_v2/age/child/V3_t16_f3852.jpg;/content/drive/MyDrive/GIU.Master/EgyptPedestriansDataset_v2/age/child/V3_t16_f3872.jpg;/content/drive/MyDrive/GIU.Master/EgyptPedestriansDataset_v2/age/child/V3_t16_f3891.jpg,"Will the pedestrian shown in the image cross the road? Justify using age, gender, attention, judgment, position, appearance, physical, spatial, temporal, and mathematical reasoning, then give a concise conclusion.",Did the pedestrian cross the street?,Yes,The pedestrian is categorized as a child based on the metadata.,The pedestrian is identified as male according to the metadata.,"The pedestrian appears attentive and focused on their surroundings, according to the metadata.","The pedestrian is not giving any hand signal, according to the metadata.","The pedestrian is positioned near the road and is not on the sidewalk, according to the metadata.","The pedestrian has a extravagant fashion personality, according to the metadata.","The pedestrian's build is noted as an average build, according to the metadata.","Spatially, the pedestrian is situated near the road and is not on the sidewalk, consistent with the track's labeled position in the metadata.",Frame-by-frame pixel displacement is not available in this metadata source; behavior is inferred from the pedestrian's labeled attributes across the observed track rather than measured motion.,No numeric displacement or velocity metrics are available for this track; this conclusion relies on categorical behavioral and positional attributes rather than computed motion.,The pedestrian crossed the street.
V3_18,/content/drive/MyDrive/GIU.Master/EgyptPedestriansDataset_v2/age/adult/V3_t18_f4108.jpg;/content/drive/MyDrive/GIU.Master/EgyptPedestriansDataset_v2/age/adult/V3_t18_f4114.jpg;/content/drive/MyDrive/GIU.Master/EgyptPedestriansDataset_v2/age/adult/V3_t18_f4119.jpg,"Will the pedestrian shown in the image cross the road? Justify using age, gender, attention, judgment, position, appearance, physical, spatial, temporal, and mathematical reasoning, then give a concise conclusion.",Did the pedestrian cross the street?,No,The pedestrian is categorized as an adult based on the metadata.,The pedestrian is identified as male according to the metadata.,"The pedestrian appears attentive and focused on their surroundings, according to the metadata.","The pedestrian is giving a hand signal, suggesting an intent to cross, according to the metadata.","The pedestrian is positioned near the road and is not on the sidewalk, according to the metadata.","The pedestrian has a extravagant fashion personality, according to the metadata.","The pedestrian's build is noted as a heavier build, according to the metadata.","Spatially, the pedestrian is situated near the road and is not on the sidewalk, consistent with the track's labeled position in the metadata.",Frame-by-frame pixel displacement is not available in this metadata source; behavior is inferred from the pedestrian's labeled attributes across the observed track rather than measured motion.,No numeric displacement or velocity metrics are available for this track; this conclusion relies on categorical behavioral and positional attributes rather than computed motion.,The pedestrian did not cross the street.
V4_7,/content/drive/MyDrive/GIU.Master/EgyptPedestriansDataset_v2/age/adult/V4_t7_f502.jpg;/content/drive/MyDrive/GIU.Master/EgyptPedestriansDataset_v2/age/adult/V4_t7_f546.jpg;/content/drive/MyDrive/GIU.Master/EgyptPedestriansDataset_v2/age/adult/V4_t7_f589.jpg,"Will the pedestrian shown in the image cross the road? Justify using age, gender, attention, judgment, position, appearance, physical, spatial, temporal, and mathematical reasoning, then give a concise conclusion.",Did the pedestrian cross the street?,No,The pedestrian is categorized as an adult based on the metadata.,The pedestrian is identified as male according to the metadata.,"The pedestrian appears attentive and focused on their surroundings, according to the metadata.","The pedestrian is not giving any hand signal, according to the metadata.","The pedestrian is positioned near the road and is not on the sidewalk, according to the metadata.","The pedestrian has a minimalist fashion personality and is dressed in a casual style, according to the metadata.","The pedestrian's build is noted as an average build, according to the metadata.","Spatially, the pedestrian is situated near the road and is not on the sidewalk, consistent with the track's labeled position in the metadata.",Frame-by-frame pixel displacement is not available in this metadata source; behavior is inferred from the pedestrian's labeled attributes across the observed track rather than measured motion.,No numeric displacement or velocity metrics are available for this track; this conclusion relies on categorical behavioral and positional attributes rather than computed motion.,The pedestrian did not cross the street.
V4_8,/content/drive/MyDrive/GIU.Master/EgyptPedestriansDataset_v2/age/senior/V4_t8_f531.jpg;/content/drive/MyDrive/GIU.Master/EgyptPedestriansDataset_v2/age/senior/V4_t8_f560.jpg;/content/drive/MyDrive/GIU.Master/EgyptPedestriansDataset_v2/age/senior/V4_t8_f589.jpg,"Will the pedestrian shown in the image cross the road? Justify using age, gender, attention, judgment, position, appearance, physical, spatial, temporal, and mathematical reasoning, then give a concise conclusion.",Did the pedestrian cross the street?,No,The pedestrian is categorized as a senior based on the metadata.,The pedestrian is identified as female according to the metadata.,"The pedestrian appears attentive and focused on their surroundings, according to the metadata.","The pedestrian is not giving any hand signal, according to the metadata.","The pedestrian is positioned near the road and is not on the sidewalk, according to the metadata.","The pedestrian has a minimalist fashion personality and is dressed in a formal style, according to the metadata.","The pedestrian's build is noted as an average build, according to the metadata.","Spatially, the pedestrian is situated near the road and is not on the sidewalk, consistent with the track's labeled position in the metadata.",Frame-by-frame pixel displacement is not available in this metadata source; behavior is inferred from the pedestrian's labeled attributes across the observed track rather than measured motion.,No numeric displacement or velocity metrics are available for this track; this conclusion relies on categorical behavioral and positional attributes rather than computed motion.,The pedestrian did not cross the street.
V4_9,/content/drive/MyDrive/GIU.Master/EgyptPedestriansDataset_v2/age/senior/V4_t9_f614.jpg;/content/drive/MyDrive/GIU.Master/EgyptPedestriansDataset_v2/age/senior/V4_t9_f669.jpg;/content/drive/MyDrive/GIU.Master/EgyptPedestriansDataset_v2/age/senior/V4_t9_f726.jpg,"Will the pedestrian shown in the image cross the road? Justify using age, gender, attention, judgment, position, appearance, physical, spatial, temporal, and mathematical reasoning, then give a concise conclusion.",Did the pedestrian cross the street?,Yes,The pedestrian is categorized as a senior based on the metadata.,The pedestrian is identified as male according to the metadata.,"The pedestrian appears distracted and may be less attentive to oncoming traffic, according to the metadata.","The pedestrian is not giving any hand signal, according to the metadata.","The pedestrian is positioned near the road and is not on the sidewalk, according to the metadata.","The pedestrian has a minimalist fashion personality and is dressed in a casual style, according to the metadata.","The pedestrian's build is noted as an average build, according to the metadata.","Spatially, the pedestrian is situated near the road and is not on the sidewalk, consistent with the track's labeled position in the metadata.",Frame-by-frame pixel displacement is not available in this metadata source; behavior is inferred from the pedestrian's labeled attributes across the observed track rather than measured motion.,No numeric displacement or velocity metrics are available for this track; this conclusion relies on categorical behavioral and positional attributes rather than computed motion.,The pedestrian crossed the street.
V4_10,/content/drive/MyDrive/GIU.Master/EgyptPedestriansDataset_v2/age/child/V4_t10_f617.jpg;/content/drive/MyDrive/GIU.Master/EgyptPedestriansDataset_v2/age/child/V4_t10_f670.jpg;/content/drive/MyDrive/GIU.Master/EgyptPedestriansDataset_v2/age/child/V4_t10_f726.jpg,"Will the pedestrian shown in the image cross the road? Justify using age, gender, attention, judgment, position, appearance, physical, spatial, temporal, and mathematical reasoning, then give a concise conclusion.",Did the pedestrian cross the street?,Yes,The pedestrian is categorized as a child based on the metadata.,The pedestrian is identified as male according to the metadata.,"The pedestrian appears distracted and may be less attentive to oncoming traffic, according to the metadata.","The pedestrian is giving a hand signal, suggesting an intent to cross, according to the metadata.","The pedestrian is positioned near the road and is not on the sidewalk, according to the metadata.","The pedestrian has a minimalist fashion personality and is dressed in a casual style, according to the metadata.","The pedestrian's build is noted as an average build, according to the metadata.","Spatially, the pedestrian is situated near the road and is not on the sidewalk, consistent with the track's labeled position in the metadata.",Frame-by-frame pixel displacement is not available in this metadata source; behavior is inferred from the pedestrian's labeled attributes across the observed track rather than measured motion.,No numeric displacement or velocity metrics are available for this track; this conclusion relies on categorical behavioral and positional attributes rather than computed motion.,The pedestrian crossed the street.
V4_11,/content/drive/MyDrive/GIU.Master/EgyptPedestriansDataset_v2/age/adult/V4_t11_f656.jpg;/content/drive/MyDrive/GIU.Master/EgyptPedestriansDataset_v2/age/adult/V4_t11_f680.jpg;/content/drive/MyDrive/GIU.Master/EgyptPedestriansDataset_v2/age/adult/V4_t11_f703.jpg,"Will the pedestrian shown in the image cross the road? Justify using age, gender, attention, judgment, position, appearance, physical, spatial, temporal, and mathematical reasoning, then give a concise conclusion.",Did the pedestrian cross the street?,Yes,The pedestrian is categorized as an adult based on the metadata.,The pedestrian is identified as male according to the metadata.,"The pedestrian appears distracted and may be less attentive to oncoming traffic, according to the metadata.","The pedestrian is not giving any hand signal, according to the metadata.","The pedestrian is positioned near the road and is not on the sidewalk, according to the metadata.","The pedestrian has a minimalist fashion personality and is dressed in a casual style, according to the metadata.","The pedestrian's build is noted as an average build, according to the metadata.","Spatially, the pedestrian is situated near the road and is not on the sidewalk, consistent with the track's labeled position in the metadata.",Frame-by-frame pixel displacement is not available in this metadata source; behavior is inferred from the pedestrian's labeled attributes across the observed track rather than measured motion.,No numeric displacement or velocity metrics are available for this track; this conclusion relies on categorical behavioral and positional attributes rather than computed motion.,The pedestrian crossed the street.
V4_14,/content/drive/MyDrive/GIU.Master/EgyptPedestriansDataset_v2/age/senior/V4_t14_f968.jpg;/content/drive/MyDrive/GIU.Master/EgyptPedestriansDataset_v2/age/senior/V4_t14_f987.jpg;/content/drive/MyDrive/GIU.Master/EgyptPedestriansDataset_v2/age/senior/V4_t14_f1007.jpg,"Will the pedestrian shown in the image cross the road? Justify using age, gender, attention, judgment, position, appearance, physical, spatial, temporal, and mathematical reasoning, then give a concise conclusion.",Did the pedestrian cross the street?,No,The pedestrian is categorized as a senior based on the metadata.,The pedestrian is identified as male according to the metadata.,"The pedestrian appears distracted and may be less attentive to oncoming traffic, according to the metadata.","The pedestrian is not giving any hand signal, according to the metadata.","The pedestrian is positioned near the road and is not on the sidewalk, according to the metadata.","The pedestrian has a minimalist fashion personality and is dressed in a casual style, according to the metadata.","The pedestrian's build is noted as an average build, according to the metadata.","Spatially, the pedestrian is situated near the road and is not on the sidewalk, consistent with the track's labeled position in the metadata.",Frame-by-frame pixel displacement is not available in this metadata source; behavior is inferred from the pedestrian's labeled attributes across the observed track rather than measured motion.,No numeric displacement or velocity metrics are available for this track; this conclusion relies on categorical behavioral and positional attributes rather than computed motion.,The pedestrian did not cross the street.
V4_15,/content/drive/MyDrive/GIU.Master/EgyptPedestriansDataset_v2/age/senior/V4_t15_f1087.jpg;/content/drive/MyDrive/GIU.Master/EgyptPedestriansDataset_v2/age/senior/V4_t15_f1094.jpg;/content/drive/MyDrive/GIU.Master/EgyptPedestriansDataset_v2/age/senior/V4_t15_f1101.jpg,"Will the pedestrian shown in the image cross the road? Justify using age, gender, attention, judgment, position, appearance, physical, spatial, temporal, and mathematical reasoning, then give a concise conclusion.",Did the pedestrian cross the street?,No,The pedestrian is categorized as a senior based on the metadata.,The pedestrian is identified as male according to the metadata.,"The pedestrian appears distracted and may be less attentive to oncoming traffic, according to the metadata.","The pedestrian is not giving any hand signal, according to the metadata.","The pedestrian is positioned near the road and is not on the sidewalk, according to the metadata.","The pedestrian has a minimalist fashion personality and is dressed in a formal style, according to the metadata.","The pedestrian's build is noted as a heavier build, according to the metadata.","Spatially, the pedestrian is situated near the road and is not on the sidewalk, consistent with the track's labeled position in the metadata.",Frame-by-frame pixel displacement is not available in this metadata source; behavior is inferred from the pedestrian's labeled attributes across the observed track rather than measured motion.,No numeric displacement or velocity metrics are available for this track; this conclusion relies on categorical behavioral and positional attributes rather than computed motion.,The pedestrian did not cross the street.
V4_16,/content/drive/MyDrive/GIU.Master/EgyptPedestriansDataset_v2/age/adult/V4_t16_f1087.jpg;/content/drive/MyDrive/GIU.Master/EgyptPedestriansDataset_v2/age/adult/V4_t16_f1094.jpg;/content/drive/MyDrive/GIU.Master/EgyptPedestriansDataset_v2/age/adult/V4_t16_f1101.jpg,"Will the pedestrian shown in the image cross the road? Justify using age, gender, attention, judgment, position, appearance, physical, spatial, temporal, and mathematical reasoning, then give a concise conclusion.",Did the pedestrian cross the street?,No,The pedestrian is categorized as an adult based on the metadata.,The pedestrian is identified as male according to the metadata.,"The pedestrian appears attentive and focused on their surroundings, according to the metadata.","The pedestrian is not giving any hand signal, according to the metadata.","The pedestrian is positioned near the road and is not on the sidewalk, according to the metadata.","The pedestrian has a minimalist fashion personality and is dressed in a casual style, according to the metadata.","The pedestrian's build is noted as a heavier build, according to the metadata.","Spatially, the pedestrian is situated near the road and is not on the sidewalk, consistent with the track's labeled position in the metadata.",Frame-by-frame pixel displacement is not available in this metadata source; behavior is inferred from the pedestrian's labeled attributes across the observed track rather than measured motion.,No numeric displacement or velocity metrics are available for this track; this conclusion relies on categorical behavioral and positional attributes rather than computed motion.,The pedestrian did not cross the street.
V4_17,/content/drive/MyDrive/GIU.Master/EgyptPedestriansDataset_v2/age/adult/V4_t17_f1090.jpg;/content/drive/MyDrive/GIU.Master/EgyptPedestriansDataset_v2/age/adult/V4_t17_f1120.jpg;/content/drive/MyDrive/GIU.Master/EgyptPedestriansDataset_v2/age/adult/V4_t17_f1149.jpg,"Will the pedestrian shown in the image cross the road? Justify using age, gender, attention, judgment, position, appearance, physical, spatial, temporal, and mathematical reasoning, then give a concise conclusion.",Did the pedestrian cross the street?,Yes,The pedestrian is categorized as an adult based on the metadata.,The pedestrian is identified as male according to the metadata.,"The pedestrian appears attentive and focused on their surroundings, according to the metadata.","The pedestrian is not giving any hand signal, according to the metadata.","The pedestrian is positioned far from the road and is not on the sidewalk, according to the metadata.","The pedestrian has a minimalist fashion personality and is dressed in a casual style, according to the metadata.","The pedestrian's build is noted as a heavier build, according to the metadata.","Spatially, the pedestrian is situated far from the road and is not on the sidewalk, consistent with the track's labeled position in the metadata.",Frame-by-frame pixel displacement is not available in this metadata source; behavior is inferred from the pedestrian's labeled attributes across the observed track rather than measured motion.,No numeric displacement or velocity metrics are available for this track; this conclusion relies on categorical behavioral and positional attributes rather than computed motion.,The pedestrian crossed the street.
V4_18,/content/drive/MyDrive/GIU.Master/EgyptPedestriansDataset_v2/age/child/V4_t18_f1214.jpg;/content/drive/MyDrive/GIU.Master/EgyptPedestriansDataset_v2/age/child/V4_t18_f1261.jpg;/content/drive/MyDrive/GIU.Master/EgyptPedestriansDataset_v2/age/child/V4_t18_f1311.jpg,"Will the pedestrian shown in the image cross the road? Justify using age, gender, attention, judgment, position, appearance, physical, spatial, temporal, and mathematical reasoning, then give a concise conclusion.",Did the pedestrian cross the street?,Yes,The pedestrian is categorized as a child based on the metadata.,The pedestrian is identified as male according to the metadata.,"The pedestrian appears attentive and focused on their surroundings, according to the metadata.","The pedestrian is giving a hand signal, suggesting an intent to cross, according to the metadata.","The pedestrian is positioned near the road and is not on the sidewalk, according to the metadata.","The pedestrian has a minimalist fashion personality and is dressed in a casual style, according to the metadata.","The pedestrian's build is noted as an average build, according to the metadata.","Spatially, the pedestrian is situated near the road and is not on the sidewalk, consistent with the track's labeled position in the metadata.",Frame-by-frame pixel displacement is not available in this metadata source; behavior is inferred from the pedestrian's labeled attributes across the observed track rather than measured motion.,No numeric displacement or velocity metrics are available for this track; this conclusion relies on categorical behavioral and positional attributes rather than computed motion.,The pedestrian crossed the street.
V4_20,/content/drive/MyDrive/GIU.Master/EgyptPedestriansDataset_v2/age/adult/V4_t20_f1395.jpg;/content/drive/MyDrive/GIU.Master/EgyptPedestriansDataset_v2/age/adult/V4_t20_f1404.jpg;/content/drive/MyDrive/GIU.Master/EgyptPedestriansDataset_v2/age/adult/V4_t20_f1412.jpg,"Will the pedestrian shown in the image cross the road? Justify using age, gender, attention, judgment, position, appearance, physical, spatial, temporal, and mathematical reasoning, then give a concise conclusion.",Did the pedestrian cross the street?,No,The pedestrian is categorized as an adult based on the metadata.,The pedestrian is identified as male according to the metadata.,"The pedestrian appears attentive and focused on their surroundings, according to the metadata.","The pedestrian is not giving any hand signal, according to the metadata.","The pedestrian is positioned near the road and is on the sidewalk, according to the metadata.","The pedestrian has a minimalist fashion personality and is dressed in a casual style, according to the metadata.","The pedestrian's build is noted as an average build, according to the metadata.","Spatially, the pedestrian is situated near the road and is on the sidewalk, consistent with the track's labeled position in the metadata.",Frame-by-frame pixel displacement is not available in this metadata source; behavior is inferred from the pedestrian's labeled attributes across the observed track rather than measured motion.,No numeric displacement or velocity metrics are available for this track; this conclusion relies on categorical behavioral and positional attributes rather than computed motion.,The pedestrian did not cross the street.
V4_21,/content/drive/MyDrive/GIU.Master/EgyptPedestriansDataset_v2/age/adult/V4_t21_f1405.jpg;/content/drive/MyDrive/GIU.Master/EgyptPedestriansDataset_v2/age/adult/V4_t21_f1448.jpg;/content/drive/MyDrive/GIU.Master/EgyptPedestriansDataset_v2/age/adult/V4_t21_f1491.jpg,"Will the pedestrian shown in the image cross the road? Justify using age, gender, attention, judgment, position, appearance, physical, spatial, temporal, and mathematical reasoning, then give a concise conclusion.",Did the pedestrian cross the street?,Yes,The pedestrian is categorized as an adult based on the metadata.,The pedestrian is identified as male according to the metadata.,"The pedestrian appears attentive and focused on their surroundings, according to the metadata.","The pedestrian is giving a hand signal, suggesting an intent to cross, according to the metadata.","The pedestrian is positioned far from the road and is not on the sidewalk, according to the metadata.","The pedestrian has a minimalist fashion personality and is dressed in a casual style, according to the metadata.","The pedestrian's build is noted as an average build, according to the metadata.","Spatially, the pedestrian is situated far from the road and is not on the sidewalk, consistent with the track's labeled position in the metadata.",Frame-by-frame pixel displacement is not available in this metadata source; behavior is inferred from the pedestrian's labeled attributes across the observed track rather than measured motion.,No numeric displacement or velocity metrics are available for this track; this conclusion relies on categorical behavioral and positional attributes rather than computed motion.,The pedestrian crossed the street.
V4_22,/content/drive/MyDrive/GIU.Master/EgyptPedestriansDataset_v2/age/adult/V4_t22_f1405.jpg;/content/drive/MyDrive/GIU.Master/EgyptPedestriansDataset_v2/age/adult/V4_t22_f1448.jpg;/content/drive/MyDrive/GIU.Master/EgyptPedestriansDataset_v2/age/adult/V4_t22_f1491.jpg,"Will the pedestrian shown in the image cross the road? Justify using age, gender, attention, judgment, position, appearance, physical, spatial, temporal, and mathematical reasoning, then give a concise conclusion.",Did the pedestrian cross the street?,Yes,The pedestrian is categorized as an adult based on the metadata.,The pedestrian is identified as male according to the metadata.,"The pedestrian appears attentive and focused on their surroundings, according to the metadata.","The pedestrian is not giving any hand signal, according to the metadata.","The pedestrian is positioned far from the road and is not on the sidewalk, according to the metadata.","The pedestrian has a minimalist fashion personality and is dressed in a casual style, according to the metadata.","The pedestrian's build is noted as an average build, according to the metadata.","Spatially, the pedestrian is situated far from the road and is not on the sidewalk, consistent with the track's labeled position in the metadata.",Frame-by-frame pixel displacement is not available in this metadata source; behavior is inferred from the pedestrian's labeled attributes across the observed track rather than measured motion.,No numeric displacement or velocity metrics are available for this track; this conclusion relies on categorical behavioral and positional attributes rather than computed motion.,The pedestrian crossed the street.
V5_0,/content/drive/MyDrive/GIU.Master/EgyptPedestriansDataset_v2/age/adult/V5_t0_f17.jpg;/content/drive/MyDrive/GIU.Master/EgyptPedestriansDataset_v2/age/adult/V5_t0_f39.jpg;/content/drive/MyDrive/GIU.Master/EgyptPedestriansDataset_v2/age/adult/V5_t0_f61.jpg,"Will the pedestrian shown in the image cross the road? Justify using age, gender, attention, judgment, position, appearance, physical, spatial, temporal, and mathematical reasoning, then give a concise conclusion.",Did the pedestrian cross the street?,Yes,The pedestrian is categorized as an adult based on the metadata.,The pedestrian is identified as male according to the metadata.,"The pedestrian appears attentive and focused on their surroundings, according to the metadata.","The pedestrian is not giving any hand signal, according to the metadata.","The pedestrian is positioned near the road and is not on the sidewalk, according to the metadata.","The pedestrian has a minimalist fashion personality and is dressed in a casual style, according to the metadata.","The pedestrian's build is noted as an average build, according to the metadata.","Spatially, the pedestrian is situated near the road and is not on the sidewalk, consistent with the track's labeled position in the metadata.",Frame-by-frame pixel displacement is not available in this metadata source; behavior is inferred from the pedestrian's labeled attributes across the observed track rather than measured motion.,No numeric displacement or velocity metrics are available for this track; this conclusion relies on categorical behavioral and positional attributes rather than computed motion.,The pedestrian crossed the street.
V5_4,/content/drive/MyDrive/GIU.Master/EgyptPedestriansDataset_v2/age/adult/V5_t4_f141.jpg;/content/drive/MyDrive/GIU.Master/EgyptPedestriansDataset_v2/age/adult/V5_t4_f408.jpg;/content/drive/MyDrive/GIU.Master/EgyptPedestriansDataset_v2/age/adult/V5_t4_f675.jpg,"Will the pedestrian shown in the image cross the road? Justify using age, gender, attention, judgment, position, appearance, physical, spatial, temporal, and mathematical reasoning, then give a concise conclusion.",Did the pedestrian cross the street?,Yes,The pedestrian is categorized as an adult based on the metadata.,The pedestrian is identified as male according to the metadata.,"The pedestrian appears attentive and focused on their surroundings, according to the metadata.","The pedestrian is not giving any hand signal, according to the metadata.","The pedestrian is positioned near the road and is not on the sidewalk, according to the metadata.","The pedestrian has a minimalist fashion personality and is dressed in a casual style, according to the metadata.","The pedestrian's build is noted as an average build, according to the metadata.","Spatially, the pedestrian is situated near the road and is not on the sidewalk, consistent with the track's labeled position in the metadata.",Frame-by-frame pixel displacement is not available in this metadata source; behavior is inferred from the pedestrian's labeled attributes across the observed track rather than measured motion.,No numeric displacement or velocity metrics are available for this track; this conclusion relies on categorical behavioral and positional attributes rather than computed motion.,The pedestrian crossed the street.
V5_5,/content/drive/MyDrive/GIU.Master/EgyptPedestriansDataset_v2/age/senior/V5_t5_f156.jpg;/content/drive/MyDrive/GIU.Master/EgyptPedestriansDataset_v2/age/senior/V5_t5_f185.jpg;/content/drive/MyDrive/GIU.Master/EgyptPedestriansDataset_v2/age/senior/V5_t5_f214.jpg,"Will the pedestrian shown in the image cross the road? Justify using age, gender, attention, judgment, position, appearance, physical, spatial, temporal, and mathematical reasoning, then give a concise conclusion.",Did the pedestrian cross the street?,No,The pedestrian is categorized as a senior based on the metadata.,The pedestrian is identified as male according to the metadata.,"The pedestrian appears attentive and focused on their surroundings, according to the metadata.","The pedestrian is not giving any hand signal, according to the metadata.","The pedestrian is positioned in the middle of the road and is not on the sidewalk, according to the metadata.","The pedestrian has a minimalist fashion personality and is dressed in a casual style, according to the metadata.","The pedestrian's build is noted as an average build, according to the metadata.","Spatially, the pedestrian is situated in the middle of the road and is not on the sidewalk, consistent with the track's labeled position in the metadata.",Frame-by-frame pixel displacement is not available in this metadata source; behavior is inferred from the pedestrian's labeled attributes across the observed track rather than measured motion.,No numeric displacement or velocity metrics are available for this track; this conclusion relies on categorical behavioral and positional attributes rather than computed motion.,The pedestrian did not cross the street.
V5_6,/content/drive/MyDrive/GIU.Master/EgyptPedestriansDataset_v2/age/senior/V5_t6_f366.jpg;/content/drive/MyDrive/GIU.Master/EgyptPedestriansDataset_v2/age/senior/V5_t6_f426.jpg;/content/drive/MyDrive/GIU.Master/EgyptPedestriansDataset_v2/age/senior/V5_t6_f485.jpg,"Will the pedestrian shown in the image cross the road? Justify using age, gender, attention, judgment, position, appearance, physical, spatial, temporal, and mathematical reasoning, then give a concise conclusion.",Did the pedestrian cross the street?,No,The pedestrian is categorized as a senior based on the metadata.,The pedestrian is identified as male according to the metadata.,"The pedestrian appears attentive and focused on their surroundings, according to the metadata.","The pedestrian is not giving any hand signal, according to the metadata.","The pedestrian is positioned near the road and is not on the sidewalk, according to the metadata.","The pedestrian has a minimalist fashion personality and is dressed in a formal style, according to the metadata.","The pedestrian's build is noted as an average build, according to the metadata.","Spatially, the pedestrian is situated near the road and is not on the sidewalk, consistent with the track's labeled position in the metadata.",Frame-by-frame pixel displacement is not available in this metadata source; behavior is inferred from the pedestrian's labeled attributes across the observed track rather than measured motion.,No numeric displacement or velocity metrics are available for this track; this conclusion relies on categorical behavioral and positional attributes rather than computed motion.,The pedestrian did not cross the street.
V5_7,/content/drive/MyDrive/GIU.Master/EgyptPedestriansDataset_v2/age/senior/V5_t7_f366.jpg;/content/drive/MyDrive/GIU.Master/EgyptPedestriansDataset_v2/age/senior/V5_t7_f426.jpg;/content/drive/MyDrive/GIU.Master/EgyptPedestriansDataset_v2/age/senior/V5_t7_f485.jpg,"Will the pedestrian shown in the image cross the road? Justify using age, gender, attention, judgment, position, appearance, physical, spatial, temporal, and mathematical reasoning, then give a concise conclusion.",Did the pedestrian cross the street?,No,The pedestrian is categorized as a senior based on the metadata.,The pedestrian is identified as male according to the metadata.,"The pedestrian appears attentive and focused on their surroundings, according to the metadata.","The pedestrian is not giving any hand signal, according to the metadata.","The pedestrian is positioned near the road and is not on the sidewalk, according to the metadata.","The pedestrian has a minimalist fashion personality and is dressed in a formal style, according to the metadata.","The pedestrian's build is noted as an average build, according to the metadata.","Spatially, the pedestrian is situated near the road and is not on the sidewalk, consistent with the track's labeled position in the metadata.",Frame-by-frame pixel displacement is not available in this metadata source; behavior is inferred from the pedestrian's labeled attributes across the observed track rather than measured motion.,No numeric displacement or velocity metrics are available for this track; this conclusion relies on categorical behavioral and positional attributes rather than computed motion.,The pedestrian did not cross the street.
V5_8,/content/drive/MyDrive/GIU.Master/EgyptPedestriansDataset_v2/age/adult/V5_t8_f864.jpg;/content/drive/MyDrive/GIU.Master/EgyptPedestriansDataset_v2/age/adult/V5_t8_f962.jpg;/content/drive/MyDrive/GIU.Master/EgyptPedestriansDataset_v2/age/adult/V5_t8_f1059.jpg,"Will the pedestrian shown in the image cross the road? Justify using age, gender, attention, judgment, position, appearance, physical, spatial, temporal, and mathematical reasoning, then give a concise conclusion.",Did the pedestrian cross the street?,Yes,The pedestrian is categorized as an adult based on the metadata.,The pedestrian is identified as male according to the metadata.,"The pedestrian appears attentive and focused on their surroundings, according to the metadata.","The pedestrian is not giving any hand signal, according to the metadata.","The pedestrian is positioned near the road and is not on the sidewalk, according to the metadata.","The pedestrian has a minimalist fashion personality and is dressed in a casual style, according to the metadata.","The pedestrian's build is noted as an average build, according to the metadata.","Spatially, the pedestrian is situated near the road and is not on the sidewalk, consistent with the track's labeled position in the metadata.",Frame-by-frame pixel displacement is not available in this metadata source; behavior is inferred from the pedestrian's labeled attributes across the observed track rather than measured motion.,No numeric displacement or velocity metrics are available for this track; this conclusion relies on categorical behavioral and positional attributes rather than computed motion.,The pedestrian crossed the street.
V6_2,/content/drive/MyDrive/GIU.Master/EgyptPedestriansDataset_v2/age/senior/V6_t2_f343.jpg;/content/drive/MyDrive/GIU.Master/EgyptPedestriansDataset_v2/age/senior/V6_t2_f364.jpg;/content/drive/MyDrive/GIU.Master/EgyptPedestriansDataset_v2/age/senior/V6_t2_f385.jpg,"Will the pedestrian shown in the image cross the road? Justify using age, gender, attention, judgment, position, appearance, physical, spatial, temporal, and mathematical reasoning, then give a concise conclusion.",Did the pedestrian cross the street?,Yes,The pedestrian is categorized as a senior based on the metadata.,The pedestrian is identified as male according to the metadata.,"The pedestrian appears attentive and focused on their surroundings, according to the metadata.","The pedestrian is giving a hand signal, suggesting an intent to cross, according to the metadata.","The pedestrian is positioned near the road and is not on the sidewalk, according to the metadata.","The pedestrian has a minimalist fashion personality and is dressed in a casual style, according to the metadata.","The pedestrian's build is noted as a heavier build, according to the metadata.","Spatially, the pedestrian is situated near the road and is not on the sidewalk, consistent with the track's labeled position in the metadata.",Frame-by-frame pixel displacement is not available in this metadata source; behavior is inferred from the pedestrian's labeled attributes across the observed track rather than measured motion.,No numeric displacement or velocity metrics are available for this track; this conclusion relies on categorical behavioral and positional attributes rather than computed motion.,The pedestrian crossed the street.
V6_3,/content/drive/MyDrive/GIU.Master/EgyptPedestriansDataset_v2/age/adult/V6_t3_f374.jpg;/content/drive/MyDrive/GIU.Master/EgyptPedestriansDataset_v2/age/adult/V6_t3_f380.jpg;/content/drive/MyDrive/GIU.Master/EgyptPedestriansDataset_v2/age/adult/V6_t3_f385.jpg,"Will the pedestrian shown in the image cross the road? Justify using age, gender, attention, judgment, position, appearance, physical, spatial, temporal, and mathematical reasoning, then give a concise conclusion.",Did the pedestrian cross the street?,Yes,The pedestrian is categorized as an adult based on the metadata.,The pedestrian is identified as female according to the metadata.,"The pedestrian appears attentive and focused on their surroundings, according to the metadata.","The pedestrian is giving a hand signal, suggesting an intent to cross, according to the metadata.","The pedestrian is positioned near the road and is not on the sidewalk, according to the metadata.","The pedestrian has a minimalist fashion personality and is dressed in a casual style, according to the metadata.","The pedestrian's build is noted as an average build, according to the metadata.","Spatially, the pedestrian is situated near the road and is not on the sidewalk, consistent with the track's labeled position in the metadata.",Frame-by-frame pixel displacement is not available in this metadata source; behavior is inferred from the pedestrian's labeled attributes across the observed track rather than measured motion.,No numeric displacement or velocity metrics are available for this track; this conclusion relies on categorical behavioral and positional attributes rather than computed motion.,The pedestrian crossed the street.
V6_4,/content/drive/MyDrive/GIU.Master/EgyptPedestriansDataset_v2/age/adult/V6_t4_f389.jpg;/content/drive/MyDrive/GIU.Master/EgyptPedestriansDataset_v2/age/adult/V6_t4_f408.jpg;/content/drive/MyDrive/GIU.Master/EgyptPedestriansDataset_v2/age/adult/V6_t4_f426.jpg,"Will the pedestrian shown in the image cross the road? Justify using age, gender, attention, judgment, position, appearance, physical, spatial, temporal, and mathematical reasoning, then give a concise conclusion.",Did the pedestrian cross the street?,Yes,The pedestrian is categorized as an adult based on the metadata.,The pedestrian is identified as male according to the metadata.,"The pedestrian appears attentive and focused on their surroundings, according to the metadata.","The pedestrian is not giving any hand signal, according to the metadata.","The pedestrian is positioned in the middle of the road and is not on the sidewalk, according to the metadata.","The pedestrian has a minimalist fashion personality and is dressed in a casual style, according to the metadata.","The pedestrian's build is noted as an average build, according to the metadata.","Spatially, the pedestrian is situated in the middle of the road and is not on the sidewalk, consistent with the track's labeled position in the metadata.",Frame-by-frame pixel displacement is not available in this metadata source; behavior is inferred from the pedestrian's labeled attributes across the observed track rather than measured motion.,No numeric displacement or velocity metrics are available for this track; this conclusion relies on categorical behavioral and positional attributes rather than computed motion.,The pedestrian crossed the street.
V6_7,/content/drive/MyDrive/GIU.Master/EgyptPedestriansDataset_v2/age/adult/V6_t7_f574.jpg;/content/drive/MyDrive/GIU.Master/EgyptPedestriansDataset_v2/age/adult/V6_t7_f599.jpg;/content/drive/MyDrive/GIU.Master/EgyptPedestriansDataset_v2/age/adult/V6_t7_f625.jpg,"Will the pedestrian shown in the image cross the road? Justify using age, gender, attention, judgment, position, appearance, physical, spatial, temporal, and mathematical reasoning, then give a concise conclusion.",Did the pedestrian cross the street?,Yes,The pedestrian is categorized as an adult based on the metadata.,The pedestrian is identified as male according to the metadata.,"The pedestrian appears attentive and focused on their surroundings, according to the metadata.","The pedestrian is not giving any hand signal, according to the metadata.","The pedestrian is positioned near the road and is on the sidewalk, according to the metadata.","The pedestrian has a minimalist fashion personality and is dressed in a casual style, according to the metadata.","The pedestrian's build is noted as an average build, according to the metadata.","Spatially, the pedestrian is situated near the road and is on the sidewalk, consistent with the track's labeled position in the metadata.",Frame-by-frame pixel displacement is not available in this metadata source; behavior is inferred from the pedestrian's labeled attributes across the observed track rather than measured motion.,No numeric displacement or velocity metrics are available for this track; this conclusion relies on categorical behavioral and positional attributes rather than computed motion.,The pedestrian crossed the street.
SYN_0000,/content/drive/MyDrive/EgyptPedestriansDataset/gpt_augmented/images/SYN_0000.png,"<image>
Will the pedestrian in the red box cross the road? Justify using age, gender, attention, judgment, position, appearance, physical, spatial, temporal, and mathematical reasoning, then give a concise conclusion.",Did the pedestrian cross the road?,Yes,"The pedestrian appears to be a child, suggesting they may be less experienced in traffic situations.",The pedestrian is identified as male.,The pedestrian is not distracted according to the metadata.,"The pedestrian made no hand signal, indicating no explicit communication of intent.","The pedestrian is positioned far from the road, suggesting no immediate crossing intent.",The pedestrian has a minimalist fashion personality and is dressed casually.,The pedestrian is of normal weight.,The pedestrian moved 79 pixels toward the road and 4 pixels downward.,The pedestrian maintained a consistent pace of approximately 2.12 pixels per frame toward the road.,"The total displacement was 94.2 pixels toward the road, with an average velocity of 6.37 pixels per frame.",The pedestrian crossed the road.
SYN_0001,/content/drive/MyDrive/EgyptPedestriansDataset/gpt_augmented/images/SYN_0001.png,"<image>
Will the pedestrian in the red box cross the road? Justify using age, gender, attention, judgment, position, appearance, physical, spatial, temporal, and mathematical reasoning, then give a concise conclusion.",Did the pedestrian cross the road?,Yes,The pedestrian is categorized as a child based on the metadata.,"The pedestrian is male, but gender does not directly influence crossing behavior in this context.","The pedestrian appears distracted, which may affect their road-crossing decision.","The pedestrian made a hand signal, indicating some level of communication or intention.",The pedestrian is positioned in the middle of the road.,The pedestrian has an extravagant appearance and is dressed in an eye-catching manner.,"The pedestrian is of normal weight, as stated in the metadata.","The pedestrian moved toward the road, advancing approximately 50 pixels horizontally.",The pedestrian maintained a consistent pace of approximately 5.25 pixels per frame toward the road.,"The total displacement was 25.0 pixels toward the road, with an average velocity of 4.45 pixels per frame.",The pedestrian crossed the road.
SYN_0002,/content/drive/MyDrive/EgyptPedestriansDataset/gpt_augmented/images/SYN_0002.png,"<image>
Will the pedestrian in the red box cross the road? Justify using age, gender, attention, judgment, position, appearance, physical, spatial, temporal, and mathematical reasoning, then give a concise conclusion.",Did the pedestrian cross the road?,Yes,"The pedestrian appears to be a child, suggesting they may be less experienced in traffic situations.",The pedestrian is identified as male according to the metadata.,The pedestrian is distracted according to the metadata.,"The pedestrian made no hand signal, indicating no explicit communication of intent.","The pedestrian is near the road, positioned on the sidewalk.",The pedestrian has a minimalist fashion personality and is dressed casually.,"The pedestrian is of normal weight, which suggests average mobility.","The pedestrian moved toward the road, advancing approximately 23 pixels horizontally.",The pedestrian showed increasing velocity from 4.42 to 5.08 pixels per frame over the observed window.,"The crossing probability is estimated at 85%, supported by the pedestrian's accelerating trajectory.","Based on the reasoning above, the pedestrian crossed the road."
SYN_0003,/content/drive/MyDrive/EgyptPedestriansDataset/gpt_augmented/images/SYN_0003.png,"<image>
Will the pedestrian in the red box cross the road? Justify using age, gender, attention, judgment, position, appearance, physical, spatial, temporal, and mathematical reasoning, then give a concise conclusion.",Did the pedestrian cross the road?,Yes,The pedestrian is identified as a child.,"The pedestrian is male, but gender does not directly influence crossing behavior in this context.","The pedestrian appears attentive, which suggests awareness of surrounding traffic.","The pedestrian made a hand signal, indicating some level of communication or intention.",The pedestrian is near the crossing area but not on the sidewalk.,The pedestrian has an extravagant fashion personality and is dressed in a standout style.,The pedestrian is of normal weight.,"The pedestrian moved toward the road, advancing approximately 74 pixels horizontally.",The pedestrian showed increasing velocity from 1.29 to 3.06 pixels per frame over the observed window.,"The crossing probability is estimated at 85%, supported by the pedestrian's accelerating trajectory.",The pedestrian crossed the street.
SYN_0004,/content/drive/MyDrive/EgyptPedestriansDataset/gpt_augmented/images/SYN_0004.png,"<image>
Will the pedestrian in the red box cross the road? Justify using age, gender, attention, judgment, position, appearance, physical, spatial, temporal, and mathematical reasoning, then give a concise conclusion.",Did the pedestrian cross the road?,Yes,The pedestrian is identified as a child.,"The pedestrian is female, but gender does not directly influence crossing behavior in this context.","The pedestrian is not distracted, as indicated by the metadata.",There is no hand signal used by the pedestrian.,The pedestrian is far from the crossing area.,The pedestrian has a minimalist fashion personality and is dressed casually.,The pedestrian is of normal weight.,The pedestrian moved 41 pixels toward the road and 19 pixels downward.,"The observation window spans from frame 445 to 466, totaling 22 frames, with a notable acceleration toward the road.","The pedestrian's bounding box area increased from 3830.0 to 8984.0 pixels squared, indicating movement toward the camera.",The pedestrian crossed the road.
SYN_0005,/content/drive/MyDrive/EgyptPedestriansDataset/gpt_augmented/images/SYN_0005.png,"<image>
Will the pedestrian in the red box cross the road? Justify using age, gender, attention, judgment, position, appearance, physical, spatial, temporal, and mathematical reasoning, then give a concise conclusion.",Did the pedestrian cross the road?,Yes,"The pedestrian appears to be a child, suggesting they may be less experienced in traffic situations.",The pedestrian is identified as female.,The pedestrian is distracted according to the metadata.,"The pedestrian used a hand signal, suggesting an active intention to cross.","The pedestrian is mid-road, indicating they are in the process of crossing or have crossed.",The pedestrian has an extravagant fashion personality and is dressed prominently.,"The pedestrian is of normal weight, as stated in the metadata.","The pedestrian's trajectory shows a clear movement toward the crossing zone, covering ~96 pixels.",The pedestrian maintained a consistent pace of approximately 4.58 pixels per frame toward the road.,"The pedestrian's bounding box area increased from 7505.3 to 7611.6 pixels squared, indicating movement toward the camera.",The pedestrian crossed the street.
SYN_0006,/content/drive/MyDrive/EgyptPedestriansDataset/gpt_augmented/images/SYN_0006.png,"<image>
Will the pedestrian in the red box cross the road? Justify using age, gender, attention, judgment, position, appearance, physical, spatial, temporal, and mathematical reasoning, then give a concise conclusion.",Did the pedestrian cross the road?,Yes,The pedestrian is identified as a child.,"The pedestrian is female, but gender does not directly influence crossing behavior in this context.",The pedestrian is distracted according to the metadata.,There is no hand signal used by the pedestrian.,The pedestrian stands near the crossing area on the sidewalk.,The pedestrian has a minimalist fashion personality and is dressed modestly.,"The pedestrian is of normal weight, which suggests average mobility.",The pedestrian moved 48 pixels toward the road and 18 pixels downward.,The pedestrian maintained a consistent pace of approximately 3.41 pixels per frame toward the road.,"The total displacement was 23.4 pixels toward the road, with an average velocity of 4.66 pixels per frame.",The pedestrian crossed the street.
SYN_0007,/content/drive/MyDrive/EgyptPedestriansDataset/gpt_augmented/images/SYN_0007.png,"<image>
Will the pedestrian in the red box cross the road? Justify using age, gender, attention, judgment, position, appearance, physical, spatial, temporal, and mathematical reasoning, then give a concise conclusion.",Did the pedestrian cross the road?,Yes,The pedestrian is identified as a child.,The pedestrian is identified as female.,The pedestrian is not distracted according to the metadata.,"A hand signal was observed, implying the pedestrian is communicating their crossing intent.",The pedestrian is near and not on the sidewalk.,The pedestrian has an extravagant fashion personality and is dressed prominently.,"The pedestrian is of normal weight, which suggests average mobility.","The pedestrian moved toward the road, advancing approximately 77 pixels horizontally.",The pedestrian showed increasing velocity from 3.39 to 8.85 pixels per frame over the observed window.,"The crossing probability is estimated at 85%, supported by the pedestrian's accelerating trajectory.",The pedestrian crossed the street.
SYN_0008,/content/drive/MyDrive/EgyptPedestriansDataset/gpt_augmented/images/SYN_0008.png,"<image>
Will the pedestrian in the red box cross the road? Justify using age, gender, attention, judgment, position, appearance, physical, spatial, temporal, and mathematical reasoning, then give a concise conclusion.",Did the pedestrian cross the road?,Yes,The pedestrian is categorized as a child based on the metadata.,"The pedestrian is male, but gender does not directly influence crossing behavior in this context.","The pedestrian appears attentive, which suggests awareness of surrounding traffic.",There is no hand signal used by the pedestrian.,"The pedestrian is positioned far from the road, suggesting no immediate crossing intent.",The pedestrian has a minimalist fashion personality and is dressed formally.,"The pedestrian is of normal weight but is using crutches, indicating reduced mobility.","The pedestrian moved toward the road, advancing approximately 46 pixels horizontally.",The pedestrian maintained a consistent pace of approximately 3.68 pixels per frame toward the road.,"The pedestrian's bounding box area increased from 4373.7 to 6786.6 pixels squared, indicating movement toward the camera.","Based on the reasoning above, the pedestrian crossed the road."
SYN_0009,/content/drive/MyDrive/EgyptPedestriansDataset/gpt_augmented/images/SYN_0009.png,"<image>
Will the pedestrian in the red box cross the road? Justify using age, gender, attention, judgment, position, appearance, physical, spatial, temporal, and mathematical reasoning, then give a concise conclusion.",Did the pedestrian cross the road?,Yes,The pedestrian is identified as a child.,The pedestrian is identified as male according to the metadata.,The pedestrian is distracted according to the metadata.,"The pedestrian used a hand signal, suggesting an active intention to cross.",The pedestrian is positioned in the middle of the road.,The pedestrian has an extravagant fashion personality and is dressed in a standout style.,"The pedestrian has an average build but relies on crutches, affecting movement speed.","The pedestrian's trajectory shows a clear movement toward the crossing zone, covering ~93 pixels.",The pedestrian showed increasing velocity from 1.85 to 6.93 pixels per frame over the observed window.,"The crossing probability is estimated at 60%, supported by the pedestrian's accelerating trajectory.",The pedestrian crossed the road.
SYN_0010,/content/drive/MyDrive/EgyptPedestriansDataset/gpt_augmented/images/SYN_0010.png,"<image>
Will the pedestrian in the red box cross the road? Justify using age, gender, attention, judgment, position, appearance, physical, spatial, temporal, and mathematical reasoning, then give a concise conclusion.",Did the pedestrian cross the road?,Yes,The pedestrian is identified as a child.,The pedestrian is identified as male according to the metadata.,The pedestrian is distracted according to the metadata.,There is no hand signal used by the pedestrian.,The pedestrian is near the road and on the sidewalk.,The pedestrian has a minimalist fashion personality and is dressed casually.,"The pedestrian is of normal weight but is using crutches, indicating reduced mobility.","The pedestrian's trajectory shows a clear movement toward the crossing zone, covering ~88 pixels.","The observation window spans from frame 300 to 316, totaling 17 frames, with a notable acceleration toward the road.","The crossing probability is estimated at 60%, supported by the pedestrian's accelerating trajectory.",The pedestrian crossed the road.
SYN_0011,/content/drive/MyDrive/EgyptPedestriansDataset/gpt_augmented/images/SYN_0011.png,"<image>
Will the pedestrian in the red box cross the road? Justify using age, gender, attention, judgment, position, appearance, physical, spatial, temporal, and mathematical reasoning, then give a concise conclusion.",Did the pedestrian cross the road?,Yes,The pedestrian is identified as a child.,The pedestrian is identified as male.,The pedestrian is not distracted according to the metadata.,"The pedestrian used a hand signal, suggesting an active intention to cross.",The pedestrian is near the road but not on the sidewalk.,The pedestrian has an extravagant appearance and is dressed in an eye-catching manner.,"The pedestrian is of normal weight but is using crutches, indicating reduced mobility.","The pedestrian moved toward the road, advancing approximately 66 pixels horizontally.",The pedestrian showed increasing velocity from 8.07 to 9.34 pixels per frame over the observed window.,"The crossing probability is estimated at 60%, supported by the pedestrian's accelerating trajectory.",The pedestrian crossed the street.
SYN_0012,/content/drive/MyDrive/EgyptPedestriansDataset/gpt_augmented/images/SYN_0012.png,"<image>
Will the pedestrian in the red box cross the road? Justify using age, gender, attention, judgment, position, appearance, physical, spatial, temporal, and mathematical reasoning, then give a concise conclusion.",Did the pedestrian cross the road?,Yes,The pedestrian is identified as a child.,The pedestrian is identified as female.,"The pedestrian is not distracted, as indicated by the metadata.",The pedestrian did not make any hand signals.,The pedestrian is far from the road and off the sidewalk.,The pedestrian has a minimalist fashion personality and is dressed modestly.,"The pedestrian has an average build but relies on crutches, affecting movement speed.","The pedestrian's trajectory shows a clear movement toward the crossing zone, covering ~27 pixels.","The observation window spans from frame 800 to 815, totaling 16 frames, with a notable acceleration toward the road.","The crossing probability is estimated at 60%, supported by the pedestrian's accelerating trajectory.",The pedestrian crossed the road.
SYN_0013,/content/drive/MyDrive/EgyptPedestriansDataset/gpt_augmented/images/SYN_0013.png,"<image>
Will the pedestrian in the red box cross the road? Justify using age, gender, attention, judgment, position, appearance, physical, spatial, temporal, and mathematical reasoning, then give a concise conclusion.",Did the pedestrian cross the road?,Yes,"The pedestrian appears to be a child, suggesting they may be less experienced in traffic situations.","The pedestrian is female, but gender does not directly influence crossing behavior in this context.",The pedestrian is noted to be distracted.,"A hand signal was observed, implying the pedestrian is communicating their crossing intent.",The pedestrian is positioned in the middle of the road.,The pedestrian has an extravagant fashion personality and is dressed in a distinctive style.,"The pedestrian has an average build but relies on crutches, affecting movement speed.","The pedestrian's trajectory shows a clear movement toward the crossing zone, covering ~92 pixels.",The pedestrian maintained a consistent pace of approximately 3.85 pixels per frame toward the road.,"The pedestrian's bounding box area increased from 5743.3 to 6873.0 pixels squared, indicating movement toward the camera.",The pedestrian crossed the street.
SYN_0014,/content/drive/MyDrive/EgyptPedestriansDataset/gpt_augmented/images/SYN_0014.png,"<image>
Will the pedestrian in the red box cross the road? Justify using age, gender, attention, judgment, position, appearance, physical, spatial, temporal, and mathematical reasoning, then give a concise conclusion.",Did the pedestrian cross the road?,Yes,"The pedestrian appears to be a child, suggesting they may be less experienced in traffic situations.","The pedestrian is female, but gender does not directly influence crossing behavior in this context.",The pedestrian is noted to be distracted.,The pedestrian did not make any hand signals.,The pedestrian stands near the crossing area on the sidewalk.,The pedestrian has a minimalist fashion personality and is dressed modestly.,"The pedestrian has an average build but relies on crutches, affecting movement speed.","The pedestrian moved toward the road, advancing approximately 48 pixels horizontally.",The pedestrian maintained a consistent pace of approximately 5.46 pixels per frame toward the road.,"The crossing probability is estimated at 60%, supported by the pedestrian's accelerating trajectory.","Based on the reasoning above, the pedestrian crossed the road."
SYN_0015,/content/drive/MyDrive/EgyptPedestriansDataset/gpt_augmented/images/SYN_0015.png,"<image>
Will the pedestrian in the red box cross the road? Justify using age, gender, attention, judgment, position, appearance, physical, spatial, temporal, and mathematical reasoning, then give a concise conclusion.",Did the pedestrian cross the road?,Yes,The pedestrian is categorized as a child based on the metadata.,"The pedestrian is female, but gender does not directly influence crossing behavior in this context.",The pedestrian is not distracted according to the metadata.,"The pedestrian made a hand signal, indicating some level of communication or intention.",The pedestrian is near the road but not on the sidewalk.,The pedestrian has an extravagant fashion personality and is dressed prominently.,"The pedestrian is of normal weight but is using crutches, indicating reduced mobility.","The pedestrian's trajectory shows a clear movement toward the crossing zone, covering ~90 pixels.",The pedestrian maintained a consistent pace of approximately 5.14 pixels per frame toward the road.,"The pedestrian's bounding box area increased from 6032.5 to 8117.5 pixels squared, indicating movement toward the camera.",The pedestrian crossed the road.
SYN_0016,/content/drive/MyDrive/EgyptPedestriansDataset/gpt_augmented/images/SYN_0016.png,"<image>
Will the pedestrian in the red box cross the road? Justify using age, gender, attention, judgment, position, appearance, physical, spatial, temporal, and mathematical reasoning, then give a concise conclusion.",Did the pedestrian cross the road?,Yes,"The pedestrian appears to be a child, suggesting they may be less experienced in traffic situations.",The pedestrian is identified as male according to the metadata.,"The pedestrian is not distracted, as indicated by the metadata.",The pedestrian did not make any hand signals.,The pedestrian is far from the road and off the sidewalk.,The pedestrian has a minimalist fashion personality and is dressed formally.,"The pedestrian has a heavier build, which may slightly reduce movement speed.",The pedestrian moved 30 pixels toward the road and 16 pixels downward.,The pedestrian maintained a consistent pace of approximately 5.76 pixels per frame toward the road.,"The pedestrian's bounding box area increased from 6273.5 to 8423.6 pixels squared, indicating movement toward the camera.",The pedestrian crossed the street.
SYN_0017,/content/drive/MyDrive/EgyptPedestriansDataset/gpt_augmented/images/SYN_0017.png,"<image>
Will the pedestrian in the red box cross the road? Justify using age, gender, attention, judgment, position, appearance, physical, spatial, temporal, and mathematical reasoning, then give a concise conclusion.",Did the pedestrian cross the road?,Yes,The pedestrian is identified as a child.,The pedestrian is identified as male.,"The pedestrian appears distracted, which may affect their road-crossing decision.","The pedestrian used a hand signal, suggesting an active intention to cross.",The pedestrian is positioned in the middle of the road.,The pedestrian has an extravagant appearance and is dressed in an eye-catching manner.,"The pedestrian has a heavier build, which may slightly reduce movement speed.",The pedestrian moved 23 pixels toward the road and 13 pixels downward.,"The observation window spans from frame 600 to 615, totaling 16 frames, with a notable acceleration toward the road.","The crossing probability is estimated at 76%, supported by the pedestrian's accelerating trajectory.",The pedestrian crossed the street.
SYN_0018,/content/drive/MyDrive/EgyptPedestriansDataset/gpt_augmented/images/SYN_0018.png,"<image>
Will the pedestrian in the red box cross the road? Justify using age, gender, attention, judgment, position, appearance, physical, spatial, temporal, and mathematical reasoning, then give a concise conclusion.",Did the pedestrian cross the road?,Yes,The pedestrian is categorized as a child based on the metadata.,"The pedestrian is male, but gender does not directly influence crossing behavior in this context.",The pedestrian is distracted according to the metadata.,The pedestrian did not make any hand signals.,"The pedestrian is near the road, positioned on the sidewalk.",The pedestrian has a minimalist fashion personality and is dressed casually.,The pedestrian's heavier build may affect their agility in traffic situations.,"The pedestrian moved toward the road, advancing approximately 28 pixels horizontally.","The observation window spans from frame 390 to 411, totaling 22 frames, with a notable acceleration toward the road.","The pedestrian's bounding box area increased from 4337.5 to 6960.2 pixels squared, indicating movement toward the camera.",The pedestrian crossed the street.
SYN_0019,/content/drive/MyDrive/EgyptPedestriansDataset/gpt_augmented/images/SYN_0019.png,"<image>
Will the pedestrian in the red box cross the road? Justify using age, gender, attention, judgment, position, appearance, physical, spatial, temporal, and mathematical reasoning, then give a concise conclusion.",Did the pedestrian cross the road?,Yes,The pedestrian is categorized as a child based on the metadata.,"The pedestrian is male, but gender does not directly influence crossing behavior in this context.","The pedestrian appears attentive, which suggests awareness of surrounding traffic.","The pedestrian used a hand signal, suggesting an active intention to cross.",The pedestrian is near the crossing area but not on the sidewalk.,The pedestrian has an extravagant appearance and is dressed in an eye-catching manner.,"The pedestrian has a heavier build, which may slightly reduce movement speed.","The pedestrian's trajectory shows a clear movement toward the crossing zone, covering ~53 pixels.",The pedestrian showed increasing velocity from 4.11 to 6.37 pixels per frame over the observed window.,"The pedestrian's bounding box area increased from 5618.4 to 8905.4 pixels squared, indicating movement toward the camera.",The pedestrian crossed the street.
SYN_0020,/content/drive/MyDrive/EgyptPedestriansDataset/gpt_augmented/images/SYN_0020.png,"<image>
Will the pedestrian in the red box cross the road? Justify using age, gender, attention, judgment, position, appearance, physical, spatial, temporal, and mathematical reasoning, then give a concise conclusion.",Did the pedestrian cross the road?,Yes,The pedestrian is identified as a child.,"The pedestrian is female, but gender does not directly influence crossing behavior in this context.","The pedestrian is not distracted, as indicated by the metadata.",The pedestrian did not make any hand signals.,The pedestrian is far from the crossing area.,The pedestrian has a minimalist fashion personality and is dressed modestly.,"The pedestrian is of heavier build, suggesting potentially slower crossing speed.",The pedestrian moved 52 pixels toward the road and 12 pixels downward.,The pedestrian showed increasing velocity from 5.56 to 7.0 pixels per frame over the observed window.,"The total displacement was 60.5 pixels toward the road, with an average velocity of 1.95 pixels per frame.","Based on the reasoning above, the pedestrian crossed the road."
SYN_0021,/content/drive/MyDrive/EgyptPedestriansDataset/gpt_augmented/images/SYN_0021.png,"<image>
Will the pedestrian in the red box cross the road? Justify using age, gender, attention, judgment, position, appearance, physical, spatial, temporal, and mathematical reasoning, then give a concise conclusion.",Did the pedestrian cross the road?,Yes,"The pedestrian appears to be a child, suggesting they may be less experienced in traffic situations.",The pedestrian is identified as female.,The pedestrian is distracted according to the metadata.,"A hand signal was observed, implying the pedestrian is communicating their crossing intent.","The pedestrian is in the middle of the road, actively in the crossing zone.",The pedestrian has an extravagant fashion personality and is dressed in a distinctive style.,The pedestrian's heavier build may affect their agility in traffic situations.,"The pedestrian's trajectory shows a clear movement toward the crossing zone, covering ~58 pixels.","The observation window spans from frame 865 to 881, totaling 17 frames, with a notable acceleration toward the road.","The crossing probability is estimated at 76%, supported by the pedestrian's accelerating trajectory.",The pedestrian crossed the road.
SYN_0022,/content/drive/MyDrive/EgyptPedestriansDataset/gpt_augmented/images/SYN_0022.png,"<image>
Will the pedestrian in the red box cross the road? Justify using age, gender, attention, judgment, position, appearance, physical, spatial, temporal, and mathematical reasoning, then give a concise conclusion.",Did the pedestrian cross the road?,Yes,The pedestrian is categorized as a child based on the metadata.,"The pedestrian is female, but gender does not directly influence crossing behavior in this context.",The pedestrian is distracted according to the metadata.,"The pedestrian made no hand signal, indicating no explicit communication of intent.",The pedestrian stands near the crossing area on the sidewalk.,The pedestrian has a minimalist fashion personality and is dressed casually.,"The pedestrian has a heavier build, which may slightly reduce movement speed.","The pedestrian moved toward the road, advancing approximately 119 pixels horizontally.",The pedestrian maintained a consistent pace of approximately 5.64 pixels per frame toward the road.,"The pedestrian's bounding box area increased from 3437.0 to 8098.4 pixels squared, indicating movement toward the camera.","Based on the reasoning above, the pedestrian crossed the road."
SYN_0023,/content/drive/MyDrive/EgyptPedestriansDataset/gpt_augmented/images/SYN_0023.png,"<image>
Will the pedestrian in the red box cross the road? Justify using age, gender, attention, judgment, position, appearance, physical, spatial, temporal, and mathematical reasoning, then give a concise conclusion.",Did the pedestrian cross the road?,Yes,"The pedestrian appears to be a child, suggesting they may be less experienced in traffic situations.",The pedestrian is identified as female according to the metadata.,"The pedestrian is not distracted, as indicated by the metadata.","The pedestrian used a hand signal, suggesting an active intention to cross.",The pedestrian is near and not on the sidewalk.,The pedestrian has an extravagant fashion personality and is dressed prominently.,The pedestrian's heavier build may affect their agility in traffic situations.,"The pedestrian moved toward the road, advancing approximately 103 pixels horizontally.","The observation window spans from frame 300 to 321, totaling 22 frames, with a notable acceleration toward the road.","The crossing probability is estimated at 76%, supported by the pedestrian's accelerating trajectory.",The pedestrian crossed the street.
SYN_0024,/content/drive/MyDrive/EgyptPedestriansDataset/gpt_augmented/images/SYN_0024.png,"<image>
Will the pedestrian in the red box cross the road? Justify using age, gender, attention, judgment, position, appearance, physical, spatial, temporal, and mathematical reasoning, then give a concise conclusion.",Did the pedestrian cross the road?,Yes,The pedestrian is categorized as a child based on the metadata.,"The pedestrian is male, but gender does not directly influence crossing behavior in this context.","The pedestrian appears attentive, which suggests awareness of surrounding traffic.","The pedestrian made no hand signal, indicating no explicit communication of intent.","The pedestrian is positioned far from the road, suggesting no immediate crossing intent.",The pedestrian has a minimalist fashion personality and is dressed formally.,"The pedestrian has a heavier build and uses crutches, indicating significantly reduced mobility.","The pedestrian moved toward the road, advancing approximately 110 pixels horizontally.","The observation window spans from frame 445 to 466, totaling 22 frames, with a notable acceleration toward the road.","The pedestrian's bounding box area increased from 4407.0 to 7281.3 pixels squared, indicating movement toward the camera.",The pedestrian crossed the road.
SYN_0025,/content/drive/MyDrive/EgyptPedestriansDataset/gpt_augmented/images/SYN_0025.png,"<image>
Will the pedestrian in the red box cross the road? Justify using age, gender, attention, judgment, position, appearance, physical, spatial, temporal, and mathematical reasoning, then give a concise conclusion.",Did the pedestrian cross the road?,Yes,The pedestrian is identified as a child.,The pedestrian is identified as male.,"The pedestrian appears distracted, which may affect their road-crossing decision.","A hand signal was observed, implying the pedestrian is communicating their crossing intent.",The pedestrian is positioned in the middle of the road.,The pedestrian has an extravagant fashion personality and is dressed in a standout style.,"The pedestrian has a heavier build and uses crutches, indicating significantly reduced mobility.","The pedestrian's trajectory shows a clear movement toward the crossing zone, covering ~72 pixels.",The pedestrian maintained a consistent pace of approximately 3.82 pixels per frame toward the road.,"The total displacement was 79.1 pixels toward the road, with an average velocity of 7.6 pixels per frame.",The pedestrian crossed the road.
SYN_0026,/content/drive/MyDrive/EgyptPedestriansDataset/gpt_augmented/images/SYN_0026.png,"<image>
Will the pedestrian in the red box cross the road? Justify using age, gender, attention, judgment, position, appearance, physical, spatial, temporal, and mathematical reasoning, then give a concise conclusion.",Did the pedestrian cross the road?,Yes,The pedestrian is categorized as a child based on the metadata.,The pedestrian is identified as male according to the metadata.,"The pedestrian appears distracted, which may affect their road-crossing decision.",There is no hand signal used by the pedestrian.,The pedestrian stands near the crossing area on the sidewalk.,The pedestrian has a minimalist fashion personality and is dressed casually.,"The pedestrian is heavier and uses crutches, which may considerably slow their crossing.","The pedestrian moved toward the road, advancing approximately 43 pixels horizontally.",The pedestrian maintained a consistent pace of approximately 7.6 pixels per frame toward the road.,"The pedestrian's bounding box area increased from 3990.3 to 5804.3 pixels squared, indicating movement toward the camera.",The pedestrian crossed the street.
SYN_0027,/content/drive/MyDrive/EgyptPedestriansDataset/gpt_augmented/images/SYN_0027.png,"<image>
Will the pedestrian in the red box cross the road? Justify using age, gender, attention, judgment, position, appearance, physical, spatial, temporal, and mathematical reasoning, then give a concise conclusion.",Did the pedestrian cross the road?,Yes,"The pedestrian appears to be a child, suggesting they may be less experienced in traffic situations.","The pedestrian is male, but gender does not directly influence crossing behavior in this context.","The pedestrian appears attentive, which suggests awareness of surrounding traffic.","The pedestrian made a hand signal, indicating some level of communication or intention.",The pedestrian is near and not on the sidewalk.,The pedestrian has an extravagant appearance and is dressed in an eye-catching manner.,"The pedestrian has a heavier build and uses crutches, indicating significantly reduced mobility.","The pedestrian's trajectory shows a clear movement toward the crossing zone, covering ~43 pixels.",The pedestrian showed increasing velocity from 4.04 to 5.09 pixels per frame over the observed window.,"The total displacement was 110.2 pixels toward the road, with an average velocity of 4.16 pixels per frame.",The pedestrian crossed the road.
SYN_0028,/content/drive/MyDrive/EgyptPedestriansDataset/gpt_augmented/images/SYN_0028.png,"<image>
Will the pedestrian in the red box cross the road? Justify using age, gender, attention, judgment, position, appearance, physical, spatial, temporal, and mathematical reasoning, then give a concise conclusion.",Did the pedestrian cross the road?,Yes,"The pedestrian appears to be a child, suggesting they may be less experienced in traffic situations.","The pedestrian is female, but gender does not directly influence crossing behavior in this context.",The pedestrian is not distracted according to the metadata.,There is no hand signal used by the pedestrian.,The pedestrian is far from the road and off the sidewalk.,The pedestrian has a minimalist fashion personality and is dressed modestly.,The pedestrian's heavier build combined with crutch use suggests limited mobility.,"The pedestrian moved toward the road, advancing approximately 20 pixels horizontally.","The observation window spans from frame 865 to 880, totaling 16 frames, with a notable acceleration toward the road.","The pedestrian's bounding box area increased from 4307.8 to 6383.8 pixels squared, indicating movement toward the camera.","Based on the reasoning above, the pedestrian crossed the road."
SYN_0029,/content/drive/MyDrive/EgyptPedestriansDataset/gpt_augmented/images/SYN_0029.png,"<image>
Will the pedestrian in the red box cross the road? Justify using age, gender, attention, judgment, position, appearance, physical, spatial, temporal, and mathematical reasoning, then give a concise conclusion.",Did the pedestrian cross the road?,Yes,"The pedestrian appears to be a child, suggesting they may be less experienced in traffic situations.","The pedestrian is female, but gender does not directly influence crossing behavior in this context.",The pedestrian is distracted according to the metadata.,"The pedestrian made a hand signal, indicating some level of communication or intention.",The pedestrian is positioned in the middle of the road.,The pedestrian has an extravagant fashion personality and is dressed in a distinctive style.,"The pedestrian has a heavier build and uses crutches, indicating significantly reduced mobility.",The pedestrian moved 49 pixels toward the road and 20 pixels downward.,The pedestrian maintained a consistent pace of approximately 6.12 pixels per frame toward the road.,"The crossing probability is estimated at 54%, supported by the pedestrian's accelerating trajectory.","Based on the reasoning above, the pedestrian crossed the road."
SYN_0030,/content/drive/MyDrive/EgyptPedestriansDataset/gpt_augmented/images/SYN_0030.png,"<image>
Will the pedestrian in the red box cross the road? Justify using age, gender, attention, judgment, position, appearance, physical, spatial, temporal, and mathematical reasoning, then give a concise conclusion.",Did the pedestrian cross the road?,Yes,The pedestrian is identified as a child.,"The pedestrian is female, but gender does not directly influence crossing behavior in this context.",The pedestrian is noted to be distracted.,There is no hand signal used by the pedestrian.,The pedestrian stands near the crossing area on the sidewalk.,The pedestrian has a minimalist fashion personality and is dressed casually.,The pedestrian's heavier build combined with crutch use suggests limited mobility.,"The pedestrian moved toward the road, advancing approximately 62 pixels horizontally.",The pedestrian maintained a consistent pace of approximately 5.8 pixels per frame toward the road.,"The crossing probability is estimated at 54%, supported by the pedestrian's accelerating trajectory.","Based on the reasoning above, the pedestrian crossed the road."
SYN_0031,/content/drive/MyDrive/EgyptPedestriansDataset/gpt_augmented/images/SYN_0031.png,"<image>
Will the pedestrian in the red box cross the road? Justify using age, gender, attention, judgment, position, appearance, physical, spatial, temporal, and mathematical reasoning, then give a concise conclusion.",Did the pedestrian cross the road?,Yes,The pedestrian is categorized as a child based on the metadata.,"The pedestrian is female, but gender does not directly influence crossing behavior in this context.","The pedestrian appears attentive, which suggests awareness of surrounding traffic.","The pedestrian used a hand signal, suggesting an active intention to cross.",The pedestrian is near the road but not on the sidewalk.,The pedestrian has an extravagant fashion personality and is dressed in a distinctive style.,The pedestrian's heavier build combined with crutch use suggests limited mobility.,"The pedestrian moved toward the road, advancing approximately 90 pixels horizontally.",The pedestrian maintained a consistent pace of approximately 4.18 pixels per frame toward the road.,"The total displacement was 49.0 pixels toward the road, with an average velocity of 4.71 pixels per frame.",The pedestrian crossed the road.
SYN_0032,/content/drive/MyDrive/EgyptPedestriansDataset/gpt_augmented/images/SYN_0032.png,"<image>
Will the pedestrian in the red box cross the road? Justify using age, gender, attention, judgment, position, appearance, physical, spatial, temporal, and mathematical reasoning, then give a concise conclusion.",Did the pedestrian cross the road?,Yes,The pedestrian is categorized as an adult based on the metadata.,The pedestrian is identified as male according to the metadata.,"The pedestrian is not distracted, as indicated by the metadata.",There is no hand signal used by the pedestrian.,The pedestrian is far from the crossing area.,The pedestrian has a minimalist fashion personality and is dressed formally.,"The pedestrian is of normal weight, which suggests average mobility.","The pedestrian moved toward the road, advancing approximately 16 pixels horizontally.",The pedestrian showed increasing velocity from 3.16 to 6.0 pixels per frame over the observed window.,"The pedestrian's bounding box area increased from 5944.9 to 6875.4 pixels squared, indicating movement toward the camera.",The pedestrian crossed the street.
SYN_0033,/content/drive/MyDrive/EgyptPedestriansDataset/gpt_augmented/images/SYN_0033.png,"<image>
Will the pedestrian in the red box cross the road? Justify using age, gender, attention, judgment, position, appearance, physical, spatial, temporal, and mathematical reasoning, then give a concise conclusion.",Did the pedestrian cross the road?,Yes,"The pedestrian is an adult, indicating standard mobility and traffic awareness.",The pedestrian is identified as male.,"The pedestrian appears distracted, which may affect their road-crossing decision.","A hand signal was observed, implying the pedestrian is communicating their crossing intent.","The pedestrian is mid-road, indicating they are in the process of crossing or have crossed.",The pedestrian has an extravagant appearance and is dressed in an eye-catching manner.,"The pedestrian is of normal weight, as stated in the metadata.",The pedestrian moved 54 pixels toward the road and 15 pixels downward.,The pedestrian showed increasing velocity from 4.17 to 5.08 pixels per frame over the observed window.,"The crossing probability is estimated at 75%, supported by the pedestrian's accelerating trajectory.","Based on the reasoning above, the pedestrian crossed the road."
SYN_0034,/content/drive/MyDrive/EgyptPedestriansDataset/gpt_augmented/images/SYN_0034.png,"<image>
Will the pedestrian in the red box cross the road? Justify using age, gender, attention, judgment, position, appearance, physical, spatial, temporal, and mathematical reasoning, then give a concise conclusion.",Did the pedestrian cross the road?,Yes,The pedestrian is identified as an adult.,The pedestrian is identified as male.,The pedestrian is noted to be distracted.,"The pedestrian made no hand signal, indicating no explicit communication of intent.","The pedestrian is near the road, positioned on the sidewalk.",The pedestrian has a minimalist fashion personality and is dressed formally.,"The pedestrian is of normal weight, which suggests average mobility.","The pedestrian moved toward the road, advancing approximately 90 pixels horizontally.",The pedestrian maintained a consistent pace of approximately 3.99 pixels per frame toward the road.,"The crossing probability is estimated at 75%, supported by the pedestrian's accelerating trajectory.",The pedestrian crossed the road.
SYN_0035,/content/drive/MyDrive/EgyptPedestriansDataset/gpt_augmented/images/SYN_0035.png,"<image>
Will the pedestrian in the red box cross the road? Justify using age, gender, attention, judgment, position, appearance, physical, spatial, temporal, and mathematical reasoning, then give a concise conclusion.",Did the pedestrian cross the road?,Yes,"The pedestrian is an adult, indicating standard mobility and traffic awareness.",The pedestrian is identified as male according to the metadata.,The pedestrian is not distracted according to the metadata.,"The pedestrian made a hand signal, indicating some level of communication or intention.",The pedestrian is near the crossing area but not on the sidewalk.,The pedestrian has an extravagant appearance and is dressed in an eye-catching manner.,"The pedestrian is of normal weight, as stated in the metadata.","The pedestrian moved toward the road, advancing approximately 76 pixels horizontally.",The pedestrian showed increasing velocity from 1.59 to 2.03 pixels per frame over the observed window.,"The crossing probability is estimated at 75%, supported by the pedestrian's accelerating trajectory.",The pedestrian crossed the street.
SYN_0036,/content/drive/MyDrive/EgyptPedestriansDataset/gpt_augmented/images/SYN_0036.png,"<image>
Will the pedestrian in the red box cross the road? Justify using age, gender, attention, judgment, position, appearance, physical, spatial, temporal, and mathematical reasoning, then give a concise conclusion.",Did the pedestrian cross the road?,Yes,The pedestrian is identified as an adult.,The pedestrian is identified as female.,The pedestrian is not distracted according to the metadata.,"The pedestrian made no hand signal, indicating no explicit communication of intent.","The pedestrian is positioned far from the road, suggesting no immediate crossing intent.",The pedestrian has a minimalist fashion personality and is dressed modestly.,"The pedestrian is of normal weight, which suggests average mobility.",The pedestrian moved 66 pixels toward the road and 11 pixels downward.,The pedestrian maintained a consistent pace of approximately 3.83 pixels per frame toward the road.,"The pedestrian's bounding box area increased from 3595.4 to 7576.4 pixels squared, indicating movement toward the camera.",The pedestrian crossed the road.
SYN_0037,/content/drive/MyDrive/EgyptPedestriansDataset/gpt_augmented/images/SYN_0037.png,"<image>
Will the pedestrian in the red box cross the road? Justify using age, gender, attention, judgment, position, appearance, physical, spatial, temporal, and mathematical reasoning, then give a concise conclusion.",Did the pedestrian cross the road?,Yes,The pedestrian is identified as an adult.,The pedestrian is identified as female.,The pedestrian is distracted according to the metadata.,"The pedestrian made a hand signal, indicating some level of communication or intention.",The pedestrian is positioned in the middle of the road.,The pedestrian has an extravagant fashion personality and is dressed prominently.,"The pedestrian is of normal weight, as stated in the metadata.","The pedestrian moved toward the road, advancing approximately 72 pixels horizontally.",The pedestrian showed increasing velocity from 7.33 to 7.36 pixels per frame over the observed window.,"The crossing probability is estimated at 75%, supported by the pedestrian's accelerating trajectory.","Based on the reasoning above, the pedestrian crossed the road."
SYN_0038,/content/drive/MyDrive/EgyptPedestriansDataset/gpt_augmented/images/SYN_0038.png,"<image>
Will the pedestrian in the red box cross the road? Justify using age, gender, attention, judgment, position, appearance, physical, spatial, temporal, and mathematical reasoning, then give a concise conclusion.",Did the pedestrian cross the road?,Yes,The pedestrian is identified as an adult.,The pedestrian is identified as female according to the metadata.,The pedestrian is noted to be distracted.,"The pedestrian made no hand signal, indicating no explicit communication of intent.",The pedestrian is near the road and on the sidewalk.,The pedestrian has a minimalist fashion personality and is dressed modestly.,"The pedestrian is of normal weight, as stated in the metadata.","The pedestrian moved toward the road, advancing approximately 120 pixels horizontally.",The pedestrian showed increasing velocity from 4.95 to 5.22 pixels per frame over the observed window.,"The pedestrian's bounding box area increased from 7198.4 to 8656.1 pixels squared, indicating movement toward the camera.","Based on the reasoning above, the pedestrian crossed the road."
SYN_0039,/content/drive/MyDrive/EgyptPedestriansDataset/gpt_augmented/images/SYN_0039.png,"<image>
Will the pedestrian in the red box cross the road? Justify using age, gender, attention, judgment, position, appearance, physical, spatial, temporal, and mathematical reasoning, then give a concise conclusion.",Did the pedestrian cross the road?,Yes,The pedestrian is identified as an adult.,The pedestrian is identified as female according to the metadata.,"The pedestrian appears attentive, which suggests awareness of surrounding traffic.","The pedestrian used a hand signal, suggesting an active intention to cross.",The pedestrian is near the crossing area but not on the sidewalk.,The pedestrian has an extravagant fashion personality and is dressed in a distinctive style.,The pedestrian is of normal weight.,The pedestrian moved 12 pixels toward the road and 10 pixels downward.,The pedestrian showed increasing velocity from 5.23 to 6.86 pixels per frame over the observed window.,"The pedestrian's bounding box area increased from 4088.9 to 6512.0 pixels squared, indicating movement toward the camera.",The pedestrian crossed the street.
SYN_0040,/content/drive/MyDrive/EgyptPedestriansDataset/gpt_augmented/images/SYN_0040.png,"<image>
Will the pedestrian in the red box cross the road? Justify using age, gender, attention, judgment, position, appearance, physical, spatial, temporal, and mathematical reasoning, then give a concise conclusion.",Did the pedestrian cross the road?,No,The pedestrian is categorized as an adult based on the metadata.,The pedestrian is identified as male according to the metadata.,"The pedestrian is not distracted, as indicated by the metadata.",There is no hand signal used by the pedestrian.,The pedestrian is far from the crossing area.,The pedestrian has a minimalist fashion personality and is dressed casually.,"The pedestrian is of normal weight but is using crutches, indicating reduced mobility.","The pedestrian's movement was primarily parallel to the road, covering ~31 pixels without crossing.",The pedestrian maintained a roughly steady pace with a slight decrease in velocity from 8.32 to 5.95 pixels per frame.,"The crossing probability is estimated at 34%, supported by limited directional movement toward the road.",The pedestrian did not cross the road.
SYN_0041,/content/drive/MyDrive/EgyptPedestriansDataset/gpt_augmented/images/SYN_0041.png,"<image>
Will the pedestrian in the red box cross the road? Justify using age, gender, attention, judgment, position, appearance, physical, spatial, temporal, and mathematical reasoning, then give a concise conclusion.",Did the pedestrian cross the road?,No,"The pedestrian is an adult, indicating standard mobility and traffic awareness.","The pedestrian is male, but gender does not directly influence crossing behavior in this context.","The pedestrian appears distracted, which may affect their road-crossing decision.","The pedestrian used a hand signal, suggesting an active intention to cross.",The pedestrian is positioned in the middle of the road.,The pedestrian has an extravagant fashion personality and is dressed in a standout style.,"The pedestrian has an average build but relies on crutches, affecting movement speed.",The pedestrian moved 36 pixels to the side and slightly away from the camera.,The pedestrian maintained a roughly steady pace with a slight decrease in velocity from 5.94 to 2.83 pixels per frame.,"The crossing probability is estimated at 34%, supported by limited directional movement toward the road.",The pedestrian did not cross the road.
SYN_0042,/content/drive/MyDrive/EgyptPedestriansDataset/gpt_augmented/images/SYN_0042.png,"<image>
Will the pedestrian in the red box cross the road? Justify using age, gender, attention, judgment, position, appearance, physical, spatial, temporal, and mathematical reasoning, then give a concise conclusion.",Did the pedestrian cross the road?,No,"The pedestrian is an adult, indicating standard mobility and traffic awareness.",The pedestrian is identified as male.,"The pedestrian appears distracted, which may affect their road-crossing decision.","The pedestrian made no hand signal, indicating no explicit communication of intent.",The pedestrian is near the road and on the sidewalk.,The pedestrian has a minimalist fashion personality and is dressed formally.,"The pedestrian is of normal weight but is using crutches, indicating reduced mobility.","The pedestrian's movement was primarily parallel to the road, covering ~58 pixels without crossing.",The pedestrian's movement was largely stationary with a deceleration trend.,"The total displacement was 66.7 pixels, with an average velocity of 4.62 pixels per frame, slowing down in the second half.",The pedestrian did not cross the street but waited instead.
SYN_0043,/content/drive/MyDrive/EgyptPedestriansDataset/gpt_augmented/images/SYN_0043.png,"<image>
Will the pedestrian in the red box cross the road? Justify using age, gender, attention, judgment, position, appearance, physical, spatial, temporal, and mathematical reasoning, then give a concise conclusion.",Did the pedestrian cross the road?,No,The pedestrian is identified as an adult.,The pedestrian is identified as male according to the metadata.,The pedestrian is not distracted according to the metadata.,"A hand signal was observed, implying the pedestrian is communicating their crossing intent.",The pedestrian is near the crossing area but not on the sidewalk.,The pedestrian has an extravagant fashion personality and is dressed in a standout style.,"The pedestrian is of normal weight but is using crutches, indicating reduced mobility.","The pedestrian's movement was primarily parallel to the road, covering ~54 pixels without crossing.",The pedestrian maintained a roughly steady pace with a slight decrease in velocity from 8.38 to 3.55 pixels per frame.,"The total displacement was 113.8 pixels, with an average velocity of 5.95 pixels per frame, slowing down in the second half.",The pedestrian did not cross the street but waited instead.
SYN_0044,/content/drive/MyDrive/EgyptPedestriansDataset/gpt_augmented/images/SYN_0044.png,"<image>
Will the pedestrian in the red box cross the road? Justify using age, gender, attention, judgment, position, appearance, physical, spatial, temporal, and mathematical reasoning, then give a concise conclusion.",Did the pedestrian cross the road?,No,The pedestrian is categorized as an adult based on the metadata.,The pedestrian is identified as female according to the metadata.,"The pedestrian is not distracted, as indicated by the metadata.","The pedestrian made no hand signal, indicating no explicit communication of intent.",The pedestrian is far from the crossing area.,The pedestrian has a minimalist fashion personality and is dressed casually.,"The pedestrian uses crutches, suggesting a mobility limitation despite normal build.",The pedestrian moved 17 pixels to the side and slightly away from the camera.,"The observation window is from frame 390 to 411, totaling 22 frames.","The crossing probability is estimated at 34%, supported by limited directional movement toward the road.",The pedestrian did not cross the street but waited instead.
SYN_0045,/content/drive/MyDrive/EgyptPedestriansDataset/gpt_augmented/images/SYN_0045.png,"<image>
Will the pedestrian in the red box cross the road? Justify using age, gender, attention, judgment, position, appearance, physical, spatial, temporal, and mathematical reasoning, then give a concise conclusion.",Did the pedestrian cross the road?,No,The pedestrian is identified as an adult.,The pedestrian is identified as female according to the metadata.,The pedestrian is noted to be distracted.,"The pedestrian made a hand signal, indicating some level of communication or intention.","The pedestrian is mid-road, indicating they are in the process of crossing or have crossed.",The pedestrian has an extravagant fashion personality and is dressed in a distinctive style.,"The pedestrian is of normal weight but is using crutches, indicating reduced mobility.","The pedestrian's movement was primarily parallel to the road, covering ~11 pixels without crossing.","The observation window is from frame 100 to 115, totaling 16 frames.","The total displacement was 84.8 pixels, with an average velocity of 2.99 pixels per frame, slowing down in the second half.",The pedestrian did not cross the street but waited instead.
SYN_0046,/content/drive/MyDrive/EgyptPedestriansDataset/gpt_augmented/images/SYN_0046.png,"<image>
Will the pedestrian in the red box cross the road? Justify using age, gender, attention, judgment, position, appearance, physical, spatial, temporal, and mathematical reasoning, then give a concise conclusion.",Did the pedestrian cross the road?,No,The pedestrian is identified as an adult.,The pedestrian is identified as female according to the metadata.,The pedestrian is distracted according to the metadata.,"The pedestrian made no hand signal, indicating no explicit communication of intent.","The pedestrian is near the road, positioned on the sidewalk.",The pedestrian has a minimalist fashion personality and is dressed casually.,"The pedestrian has an average build but relies on crutches, affecting movement speed.",The pedestrian moved 36 pixels to the side and slightly away from the camera.,The pedestrian maintained a roughly steady pace with a slight decrease in velocity from 7.16 to 3.11 pixels per frame.,"The crossing probability is estimated at 34%, supported by limited directional movement toward the road.",The pedestrian did not cross the street but waited instead.
SYN_0047,/content/drive/MyDrive/EgyptPedestriansDataset/gpt_augmented/images/SYN_0047.png,"<image>
Will the pedestrian in the red box cross the road? Justify using age, gender, attention, judgment, position, appearance, physical, spatial, temporal, and mathematical reasoning, then give a concise conclusion.",Did the pedestrian cross the road?,No,The pedestrian is identified as an adult.,The pedestrian is identified as female according to the metadata.,The pedestrian is not distracted according to the metadata.,"A hand signal was observed, implying the pedestrian is communicating their crossing intent.",The pedestrian is near the road but not on the sidewalk.,The pedestrian has an extravagant fashion personality and is dressed prominently.,"The pedestrian is of normal weight but is using crutches, indicating reduced mobility.","The pedestrian's movement was primarily parallel to the road, covering ~55 pixels without crossing.",The pedestrian maintained a roughly steady pace with a slight decrease in velocity from 4.88 to 3.2 pixels per frame.,"The total displacement was 19.5 pixels, with an average velocity of 2.27 pixels per frame, slowing down in the second half.",The pedestrian did not cross the street but waited instead.
SYN_0048,/content/drive/MyDrive/EgyptPedestriansDataset/gpt_augmented/images/SYN_0048.png,"<image>
Will the pedestrian in the red box cross the road? Justify using age, gender, attention, judgment, position, appearance, physical, spatial, temporal, and mathematical reasoning, then give a concise conclusion.",Did the pedestrian cross the road?,Yes,"The pedestrian is an adult, indicating standard mobility and traffic awareness.",The pedestrian is identified as male.,"The pedestrian is not distracted, as indicated by the metadata.","The pedestrian made no hand signal, indicating no explicit communication of intent.",The pedestrian is far from the road and off the sidewalk.,The pedestrian has a minimalist fashion personality and is dressed casually.,"The pedestrian is of heavier build, suggesting potentially slower crossing speed.",The pedestrian moved 68 pixels toward the road and 10 pixels downward.,"The observation window spans from frame 100 to 121, totaling 22 frames, with a notable acceleration toward the road.","The total displacement was 45.9 pixels toward the road, with an average velocity of 8.41 pixels per frame.","Based on the reasoning above, the pedestrian crossed the road."
SYN_0049,/content/drive/MyDrive/EgyptPedestriansDataset/gpt_augmented/images/SYN_0049.png,"<image>
Will the pedestrian in the red box cross the road? Justify using age, gender, attention, judgment, position, appearance, physical, spatial, temporal, and mathematical reasoning, then give a concise conclusion.",Did the pedestrian cross the road?,Yes,The pedestrian is categorized as an adult based on the metadata.,The pedestrian is identified as male according to the metadata.,"The pedestrian appears distracted, which may affect their road-crossing decision.","The pedestrian made a hand signal, indicating some level of communication or intention.","The pedestrian is in the middle of the road, actively in the crossing zone.",The pedestrian has an extravagant appearance and is dressed in an eye-catching manner.,"The pedestrian has a heavier build, which may slightly reduce movement speed.","The pedestrian's trajectory shows a clear movement toward the crossing zone, covering ~68 pixels.",The pedestrian showed increasing velocity from 6.92 to 9.8 pixels per frame over the observed window.,"The crossing probability is estimated at 52%, supported by the pedestrian's accelerating trajectory.","Based on the reasoning above, the pedestrian crossed the road."
SYN_0050,/content/drive/MyDrive/EgyptPedestriansDataset/gpt_augmented/images/SYN_0050.png,"<image>
Will the pedestrian in the red box cross the road? Justify using age, gender, attention, judgment, position, appearance, physical, spatial, temporal, and mathematical reasoning, then give a concise conclusion.",Did the pedestrian cross the road?,Yes,The pedestrian is categorized as an adult based on the metadata.,The pedestrian is identified as male according to the metadata.,The pedestrian is noted to be distracted.,"The pedestrian made no hand signal, indicating no explicit communication of intent.","The pedestrian is near the road, positioned on the sidewalk.",The pedestrian has a minimalist fashion personality and is dressed casually.,The pedestrian's heavier build may affect their agility in traffic situations.,The pedestrian moved 42 pixels toward the road and 6 pixels downward.,The pedestrian maintained a consistent pace of approximately 4.38 pixels per frame toward the road.,"The total displacement was 49.2 pixels toward the road, with an average velocity of 7.82 pixels per frame.",The pedestrian crossed the road.
SYN_0051,/content/drive/MyDrive/EgyptPedestriansDataset/gpt_augmented/images/SYN_0051.png,"<image>
Will the pedestrian in the red box cross the road? Justify using age, gender, attention, judgment, position, appearance, physical, spatial, temporal, and mathematical reasoning, then give a concise conclusion.",Did the pedestrian cross the road?,Yes,The pedestrian is identified as an adult.,The pedestrian is identified as male.,"The pedestrian appears attentive, which suggests awareness of surrounding traffic.","The pedestrian used a hand signal, suggesting an active intention to cross.",The pedestrian is near the crossing area but not on the sidewalk.,The pedestrian has an extravagant appearance and is dressed in an eye-catching manner.,"The pedestrian has a heavier build, which may slightly reduce movement speed.","The pedestrian moved toward the road, advancing approximately 47 pixels horizontally.",The pedestrian maintained a consistent pace of approximately 5.98 pixels per frame toward the road.,"The total displacement was 106.6 pixels toward the road, with an average velocity of 8.25 pixels per frame.",The pedestrian crossed the road.
SYN_0052,/content/drive/MyDrive/EgyptPedestriansDataset/gpt_augmented/images/SYN_0052.png,"<image>
Will the pedestrian in the red box cross the road? Justify using age, gender, attention, judgment, position, appearance, physical, spatial, temporal, and mathematical reasoning, then give a concise conclusion.",Did the pedestrian cross the road?,No,The pedestrian is categorized as an adult based on the metadata.,The pedestrian is identified as female.,"The pedestrian is not distracted, as indicated by the metadata.","The pedestrian made no hand signal, indicating no explicit communication of intent.",The pedestrian is far from the road and off the sidewalk.,The pedestrian has a minimalist fashion personality and is dressed casually.,"The pedestrian is of heavier build, suggesting potentially slower crossing speed.","The pedestrian's movement was primarily parallel to the road, covering ~52 pixels without crossing.","The observation window is from frame 865 to 886, totaling 22 frames.","The total displacement was 123.2 pixels, with an average velocity of 5.65 pixels per frame, slowing down in the second half.",The pedestrian did not cross the street but waited instead.
SYN_0053,/content/drive/MyDrive/EgyptPedestriansDataset/gpt_augmented/images/SYN_0053.png,"<image>
Will the pedestrian in the red box cross the road? Justify using age, gender, attention, judgment, position, appearance, physical, spatial, temporal, and mathematical reasoning, then give a concise conclusion.",Did the pedestrian cross the road?,No,The pedestrian is identified as an adult.,"The pedestrian is female, but gender does not directly influence crossing behavior in this context.",The pedestrian is noted to be distracted.,"A hand signal was observed, implying the pedestrian is communicating their crossing intent.","The pedestrian is in the middle of the road, actively in the crossing zone.",The pedestrian has an extravagant fashion personality and is dressed in a distinctive style.,The pedestrian's heavier build may affect their agility in traffic situations.,The pedestrian moved roughly 62 pixels laterally with no significant approach toward the road.,"The observation window is from frame 100 to 116, totaling 17 frames.","The crossing probability is estimated at 42%, supported by limited directional movement toward the road.",The pedestrian did not cross the street but waited instead.
SYN_0054,/content/drive/MyDrive/EgyptPedestriansDataset/gpt_augmented/images/SYN_0054.png,"<image>
Will the pedestrian in the red box cross the road? Justify using age, gender, attention, judgment, position, appearance, physical, spatial, temporal, and mathematical reasoning, then give a concise conclusion.",Did the pedestrian cross the road?,No,"The pedestrian is an adult, indicating standard mobility and traffic awareness.",The pedestrian is identified as female according to the metadata.,The pedestrian is distracted according to the metadata.,"The pedestrian made no hand signal, indicating no explicit communication of intent.",The pedestrian stands near the crossing area on the sidewalk.,The pedestrian has a minimalist fashion personality and is dressed modestly.,"The pedestrian is of heavier build, suggesting potentially slower crossing speed.",The pedestrian moved 36 pixels to the side and slightly away from the camera.,The pedestrian maintained a roughly steady pace with a slight decrease in velocity from 4.33 to 1.29 pixels per frame.,"The total displacement was 127.7 pixels, with an average velocity of 3.72 pixels per frame, slowing down in the second half.",The pedestrian did not cross the street but waited instead.
SYN_0055,/content/drive/MyDrive/EgyptPedestriansDataset/gpt_augmented/images/SYN_0055.png,"<image>
Will the pedestrian in the red box cross the road? Justify using age, gender, attention, judgment, position, appearance, physical, spatial, temporal, and mathematical reasoning, then give a concise conclusion.",Did the pedestrian cross the road?,No,"The pedestrian is an adult, indicating standard mobility and traffic awareness.",The pedestrian is identified as female according to the metadata.,The pedestrian is not distracted according to the metadata.,"The pedestrian used a hand signal, suggesting an active intention to cross.",The pedestrian is near the road but not on the sidewalk.,The pedestrian has an extravagant fashion personality and is dressed prominently.,"The pedestrian has a heavier build, which may slightly reduce movement speed.",The pedestrian moved roughly 68 pixels laterally with no significant approach toward the road.,"The observation window is from frame 865 to 879, totaling 15 frames.","The crossing probability is estimated at 42%, supported by limited directional movement toward the road.",The pedestrian did not cross the road.
SYN_0056,/content/drive/MyDrive/EgyptPedestriansDataset/gpt_augmented/images/SYN_0056.png,"<image>
Will the pedestrian in the red box cross the road? Justify using age, gender, attention, judgment, position, appearance, physical, spatial, temporal, and mathematical reasoning, then give a concise conclusion.",Did the pedestrian cross the road?,No,The pedestrian is identified as an adult.,The pedestrian is identified as male according to the metadata.,The pedestrian is not distracted according to the metadata.,"The pedestrian made no hand signal, indicating no explicit communication of intent.",The pedestrian is far from the road and off the sidewalk.,The pedestrian has a minimalist fashion personality and is dressed formally.,"The pedestrian has a heavier build and uses crutches, indicating significantly reduced mobility.",The pedestrian moved roughly 26 pixels laterally with no significant approach toward the road.,"The observation window is from frame 200 to 214, totaling 15 frames.","The total displacement was 25.2 pixels, with an average velocity of 2.99 pixels per frame, slowing down in the second half.",The pedestrian did not cross the street but waited instead.
SYN_0057,/content/drive/MyDrive/EgyptPedestriansDataset/gpt_augmented/images/SYN_0057.png,"<image>
Will the pedestrian in the red box cross the road? Justify using age, gender, attention, judgment, position, appearance, physical, spatial, temporal, and mathematical reasoning, then give a concise conclusion.",Did the pedestrian cross the road?,No,The pedestrian is identified as an adult.,"The pedestrian is male, but gender does not directly influence crossing behavior in this context.",The pedestrian is noted to be distracted.,"The pedestrian used a hand signal, suggesting an active intention to cross.","The pedestrian is in the middle of the road, actively in the crossing zone.",The pedestrian has an extravagant appearance and is dressed in an eye-catching manner.,The pedestrian's heavier build combined with crutch use suggests limited mobility.,The pedestrian moved 33 pixels to the side and slightly away from the camera.,The pedestrian's movement was largely stationary with a deceleration trend.,"The total displacement was 17.3 pixels, with an average velocity of 8.23 pixels per frame, slowing down in the second half.",The pedestrian did not cross the street.
SYN_0058,/content/drive/MyDrive/EgyptPedestriansDataset/gpt_augmented/images/SYN_0058.png,"<image>
Will the pedestrian in the red box cross the road? Justify using age, gender, attention, judgment, position, appearance, physical, spatial, temporal, and mathematical reasoning, then give a concise conclusion.",Did the pedestrian cross the road?,No,The pedestrian is categorized as an adult based on the metadata.,"The pedestrian is male, but gender does not directly influence crossing behavior in this context.",The pedestrian is noted to be distracted.,There is no hand signal used by the pedestrian.,The pedestrian stands near the crossing area on the sidewalk.,The pedestrian has a minimalist fashion personality and is dressed formally.,"The pedestrian has a heavier build and uses crutches, indicating significantly reduced mobility.",The pedestrian moved roughly 20 pixels laterally with no significant approach toward the road.,The pedestrian's movement was largely stationary with a deceleration trend.,"The crossing probability is estimated at 24%, supported by limited directional movement toward the road.",The pedestrian did not cross the street but waited instead.
SYN_0059,/content/drive/MyDrive/EgyptPedestriansDataset/gpt_augmented/images/SYN_0059.png,"<image>
Will the pedestrian in the red box cross the road? Justify using age, gender, attention, judgment, position, appearance, physical, spatial, temporal, and mathematical reasoning, then give a concise conclusion.",Did the pedestrian cross the road?,No,The pedestrian is categorized as an adult based on the metadata.,The pedestrian is identified as male.,"The pedestrian appears attentive, which suggests awareness of surrounding traffic.","The pedestrian made a hand signal, indicating some level of communication or intention.",The pedestrian is near the crossing area but not on the sidewalk.,The pedestrian has an extravagant fashion personality and is dressed in a standout style.,"The pedestrian is heavier and uses crutches, which may considerably slow their crossing.","The pedestrian's movement was primarily parallel to the road, covering ~19 pixels without crossing.",The pedestrian maintained a roughly steady pace with a slight decrease in velocity from 4.74 to 1.86 pixels per frame.,"The total displacement was 92.4 pixels, with an average velocity of 8.15 pixels per frame, slowing down in the second half.",The pedestrian did not cross the road.
SYN_0060,/content/drive/MyDrive/EgyptPedestriansDataset/gpt_augmented/images/SYN_0060.png,"<image>
Will the pedestrian in the red box cross the road? Justify using age, gender, attention, judgment, position, appearance, physical, spatial, temporal, and mathematical reasoning, then give a concise conclusion.",Did the pedestrian cross the road?,No,The pedestrian is identified as an adult.,The pedestrian is identified as female.,The pedestrian is not distracted according to the metadata.,There is no hand signal used by the pedestrian.,The pedestrian is far from the road and off the sidewalk.,The pedestrian has a minimalist fashion personality and is dressed casually.,"The pedestrian has a heavier build and uses crutches, indicating significantly reduced mobility.",The pedestrian moved 42 pixels to the side and slightly away from the camera.,The pedestrian's movement was largely stationary with a deceleration trend.,"The total displacement was 16.2 pixels, with an average velocity of 7.87 pixels per frame, slowing down in the second half.",The pedestrian did not cross the street but waited instead.
SYN_0061,/content/drive/MyDrive/EgyptPedestriansDataset/gpt_augmented/images/SYN_0061.png,"<image>
Will the pedestrian in the red box cross the road? Justify using age, gender, attention, judgment, position, appearance, physical, spatial, temporal, and mathematical reasoning, then give a concise conclusion.",Did the pedestrian cross the road?,No,The pedestrian is categorized as an adult based on the metadata.,The pedestrian is identified as female according to the metadata.,The pedestrian is noted to be distracted.,"A hand signal was observed, implying the pedestrian is communicating their crossing intent.","The pedestrian is mid-road, indicating they are in the process of crossing or have crossed.",The pedestrian has an extravagant fashion personality and is dressed prominently.,"The pedestrian has a heavier build and uses crutches, indicating significantly reduced mobility.",The pedestrian moved roughly 94 pixels laterally with no significant approach toward the road.,"The observation window is from frame 500 to 516, totaling 17 frames.","The crossing probability is estimated at 19%, supported by limited directional movement toward the road.",The pedestrian did not cross the street but waited instead.
SYN_0062,/content/drive/MyDrive/EgyptPedestriansDataset/gpt_augmented/images/SYN_0062.png,"<image>
Will the pedestrian in the red box cross the road? Justify using age, gender, attention, judgment, position, appearance, physical, spatial, temporal, and mathematical reasoning, then give a concise conclusion.",Did the pedestrian cross the road?,No,"The pedestrian is an adult, indicating standard mobility and traffic awareness.","The pedestrian is female, but gender does not directly influence crossing behavior in this context.",The pedestrian is noted to be distracted.,"The pedestrian made no hand signal, indicating no explicit communication of intent.",The pedestrian stands near the crossing area on the sidewalk.,The pedestrian has a minimalist fashion personality and is dressed casually.,"The pedestrian has a heavier build and uses crutches, indicating significantly reduced mobility.","The pedestrian's movement was primarily parallel to the road, covering ~22 pixels without crossing.",The pedestrian's movement was largely stationary with a deceleration trend.,"The pedestrian's bounding box area decreased from 6944.1 to 3417.5 pixels squared, indicating movement away from the camera.",The pedestrian did not cross the street but waited instead.
SYN_0063,/content/drive/MyDrive/EgyptPedestriansDataset/gpt_augmented/images/SYN_0063.png,"<image>
Will the pedestrian in the red box cross the road? Justify using age, gender, attention, judgment, position, appearance, physical, spatial, temporal, and mathematical reasoning, then give a concise conclusion.",Did the pedestrian cross the road?,No,"The pedestrian is an adult, indicating standard mobility and traffic awareness.",The pedestrian is identified as female.,"The pedestrian is not distracted, as indicated by the metadata.","The pedestrian used a hand signal, suggesting an active intention to cross.",The pedestrian is near the road but not on the sidewalk.,The pedestrian has an extravagant fashion personality and is dressed in a distinctive style.,"The pedestrian has a heavier build and uses crutches, indicating significantly reduced mobility.",The pedestrian moved 25 pixels to the side and slightly away from the camera.,The pedestrian's movement was largely stationary with a deceleration trend.,"The crossing probability is estimated at 19%, supported by limited directional movement toward the road.",The pedestrian did not cross the street.
SYN_0064,/content/drive/MyDrive/EgyptPedestriansDataset/gpt_augmented/images/SYN_0064.png,"<image>
Will the pedestrian in the red box cross the road? Justify using age, gender, attention, judgment, position, appearance, physical, spatial, temporal, and mathematical reasoning, then give a concise conclusion.",Did the pedestrian cross the road?,No,The pedestrian is identified as a senior.,The pedestrian is identified as male according to the metadata.,The pedestrian is not distracted according to the metadata.,"The pedestrian made no hand signal, indicating no explicit communication of intent.",The pedestrian is far from the road and off the sidewalk.,The pedestrian has a minimalist fashion personality and is dressed formally.,"The pedestrian is of normal weight, as stated in the metadata.",The pedestrian moved 48 pixels to the side and slightly away from the camera.,"The observation window is from frame 865 to 886, totaling 22 frames.","The pedestrian's bounding box area decreased from 6595.9 to 5371.6 pixels squared, indicating movement away from the camera.",The pedestrian did not cross the road.
SYN_0065,/content/drive/MyDrive/EgyptPedestriansDataset/gpt_augmented/images/SYN_0065.png,"<image>
Will the pedestrian in the red box cross the road? Justify using age, gender, attention, judgment, position, appearance, physical, spatial, temporal, and mathematical reasoning, then give a concise conclusion.",Did the pedestrian cross the road?,No,The pedestrian is identified as a senior.,The pedestrian is identified as male according to the metadata.,"The pedestrian appears distracted, which may affect their road-crossing decision.","The pedestrian made a hand signal, indicating some level of communication or intention.",The pedestrian is positioned in the middle of the road.,The pedestrian has an extravagant appearance and is dressed in an eye-catching manner.,"The pedestrian is of normal weight, which suggests average mobility.","The pedestrian's movement was primarily parallel to the road, covering ~16 pixels without crossing.",The pedestrian maintained a roughly steady pace with a slight decrease in velocity from 8.5 to 5.5 pixels per frame.,"The pedestrian's bounding box area decreased from 8170.6 to 3432.5 pixels squared, indicating movement away from the camera.",The pedestrian did not cross the street.
SYN_0066,/content/drive/MyDrive/EgyptPedestriansDataset/gpt_augmented/images/SYN_0066.png,"<image>
Will the pedestrian in the red box cross the road? Justify using age, gender, attention, judgment, position, appearance, physical, spatial, temporal, and mathematical reasoning, then give a concise conclusion.",Did the pedestrian cross the road?,No,The pedestrian is categorized as a senior based on the metadata.,The pedestrian is identified as male according to the metadata.,The pedestrian is distracted according to the metadata.,There is no hand signal used by the pedestrian.,The pedestrian stands near the crossing area on the sidewalk.,The pedestrian has a minimalist fashion personality and is dressed formally.,"The pedestrian is of normal weight, as stated in the metadata.","The pedestrian's movement was primarily parallel to the road, covering ~30 pixels without crossing.","The observation window is from frame 300 to 321, totaling 22 frames.","The pedestrian's bounding box area decreased from 5620.3 to 3635.2 pixels squared, indicating movement away from the camera.",The pedestrian did not cross the street.
SYN_0067,/content/drive/MyDrive/EgyptPedestriansDataset/gpt_augmented/images/SYN_0067.png,"<image>
Will the pedestrian in the red box cross the road? Justify using age, gender, attention, judgment, position, appearance, physical, spatial, temporal, and mathematical reasoning, then give a concise conclusion.",Did the pedestrian cross the road?,No,The pedestrian is identified as a senior.,"The pedestrian is male, but gender does not directly influence crossing behavior in this context.","The pedestrian is not distracted, as indicated by the metadata.","The pedestrian made a hand signal, indicating some level of communication or intention.",The pedestrian is near the road but not on the sidewalk.,The pedestrian has an extravagant fashion personality and is dressed in a standout style.,The pedestrian is of normal weight.,The pedestrian moved 12 pixels to the side and slightly away from the camera.,The pedestrian's movement was largely stationary with a deceleration trend.,"The total displacement was 22.3 pixels, with an average velocity of 2.11 pixels per frame, slowing down in the second half.",The pedestrian did not cross the road.
SYN_0068,/content/drive/MyDrive/EgyptPedestriansDataset/gpt_augmented/images/SYN_0068.png,"<image>
Will the pedestrian in the red box cross the road? Justify using age, gender, attention, judgment, position, appearance, physical, spatial, temporal, and mathematical reasoning, then give a concise conclusion.",Did the pedestrian cross the road?,No,The pedestrian is categorized as a senior.,"The pedestrian is female, but gender does not directly influence crossing behavior in this context.",The pedestrian is not distracted according to the metadata.,"The pedestrian made no hand signal, indicating no explicit communication of intent.",The pedestrian is far from the road and off the sidewalk.,The pedestrian has a minimalist fashion personality and is dressed modestly.,"The pedestrian is of normal weight, which suggests average mobility.",The pedestrian moved 41 pixels to the side and slightly away from the camera.,"The observation window is from frame 700 to 716, totaling 17 frames.","The crossing probability is estimated at 15%, supported by limited directional movement toward the road.",The pedestrian did not cross the road.
SYN_0069,/content/drive/MyDrive/EgyptPedestriansDataset/gpt_augmented/images/SYN_0069.png,"<image>
Will the pedestrian in the red box cross the road? Justify using age, gender, attention, judgment, position, appearance, physical, spatial, temporal, and mathematical reasoning, then give a concise conclusion.",Did the pedestrian cross the road?,No,The pedestrian is identified as a senior.,"The pedestrian is female, but gender does not directly influence crossing behavior in this context.",The pedestrian is noted to be distracted.,"The pedestrian used a hand signal, suggesting an active intention to cross.","The pedestrian is in the middle of the road, actively in the crossing zone.",The pedestrian has an extravagant fashion personality and is dressed in a distinctive style.,The pedestrian is of normal weight.,The pedestrian moved roughly 17 pixels laterally with no significant approach toward the road.,The pedestrian's movement was largely stationary with a deceleration trend.,"The total displacement was 88.2 pixels, with an average velocity of 7.07 pixels per frame, slowing down in the second half.",The pedestrian did not cross the street but waited instead.
SYN_0070,/content/drive/MyDrive/EgyptPedestriansDataset/gpt_augmented/images/SYN_0070.png,"<image>
Will the pedestrian in the red box cross the road? Justify using age, gender, attention, judgment, position, appearance, physical, spatial, temporal, and mathematical reasoning, then give a concise conclusion.",Did the pedestrian cross the road?,No,The pedestrian is identified as a senior.,"The pedestrian is female, but gender does not directly influence crossing behavior in this context.",The pedestrian is noted to be distracted.,The pedestrian did not make any hand signals.,"The pedestrian is near the road, positioned on the sidewalk.",The pedestrian has a minimalist fashion personality and is dressed modestly.,"The pedestrian is of normal weight, as stated in the metadata.",The pedestrian moved 37 pixels to the side and slightly away from the camera.,The pedestrian maintained a roughly steady pace with a slight decrease in velocity from 4.94 to 3.23 pixels per frame.,"The total displacement was 120.2 pixels, with an average velocity of 3.73 pixels per frame, slowing down in the second half.",The pedestrian did not cross the street.
SYN_0071,/content/drive/MyDrive/EgyptPedestriansDataset/gpt_augmented/images/SYN_0071.png,"<image>
Will the pedestrian in the red box cross the road? Justify using age, gender, attention, judgment, position, appearance, physical, spatial, temporal, and mathematical reasoning, then give a concise conclusion.",Did the pedestrian cross the road?,No,The pedestrian is identified as a senior.,"The pedestrian is female, but gender does not directly influence crossing behavior in this context.","The pedestrian appears attentive, which suggests awareness of surrounding traffic.","The pedestrian made a hand signal, indicating some level of communication or intention.",The pedestrian is near the crossing area but not on the sidewalk.,The pedestrian has an extravagant fashion personality and is dressed in a distinctive style.,The pedestrian is of normal weight.,The pedestrian moved 40 pixels to the side and slightly away from the camera.,The pedestrian's movement was largely stationary with a deceleration trend.,"The total displacement was 27.0 pixels, with an average velocity of 5.37 pixels per frame, slowing down in the second half.",The pedestrian did not cross the street.
